old_genus_species,new_name,cultivation.status,notes,Plant.Name.Index
Abarema macradenia,Abarema macradenia,not cultivated,,TRUE
Abrus precatorius,Abrus precatorius,not cultivated,,TRUE
Abrus stictosperma,Abrus pulchellus,not cultivated,,TRUE
Acacia acatlensis,Acacia acatlensis,not cultivated,,TRUE
Acacia acuminata,Acacia acuminata,multiple,agroforestry and ornamental,TRUE
Acacia angustissima,Acacia angustissima,multiple,"food, medicine, forage",TRUE
Acaciella angustissima,Acacia angustissima,multiple,,TRUE
Acacia arenaria,Acacia arenaria,not cultivated,,TRUE
Acacia auriculiformis,Acacia auriculiformis,multiple,"ornamental, fuel",TRUE
Acacia cangaiensis,Acacia cangaiensis,not cultivated,,TRUE
Acacia caven,Acacia caven,ornamental,,TRUE
Acacia cincinnata,Acacia cincinnata,not cultivated,,TRUE
Acacia cochliacantha,Acacia cochliacantha,not cultivated,,TRUE
Acacia cochiacantha,Acacia cochliacantha,not cultivated,,TRUE
Acacia conspersa,Acacia conspersa,not cultivated,,TRUE
Acacia cyclops,Acacia cyclops,agroforestry,,TRUE
Acacia dealbata,Acacia dealbata,ornamental,,TRUE
Acacia deanei,Acacia deanei,anti-errosion ,,TRUE
Acacia decurrens,Acacia decurrens,agroforestry,,TRUE
Acacia dimidiata,Acacia dimidiata,not cultivated,,TRUE
Acacia ehrenbergiana,Acacia ehrenbergiana,agroforestry,,TRUE
Acacia farnesiana,Acacia farnesiana,multiple,"agroforestry, ornamental, medicine",TRUE
Acacia fulva,Acacia fulva,not cultivated,,TRUE
Acacia glaucocarpa,Acacia glaucocarpa,ornamental,,TRUE
Acacia holosericea,Acacia holosericea,agroforestry,,TRUE
Acacia horrida,Acacia horrida,agroforestry,,TRUE
Acacia implexa,Acacia implexa,anti-errosion ,,TRUE
Acacia irrorata,Acacia irrorata,not cultivated,,TRUE
Acacia karroo,Acacia karroo,multiple,"agroforestry, medicinal",TRUE
Acacia laeta,Acacia laeta,agroforestry,,TRUE
Acacia longifolia,Acacia longifolia,multiple,"agroforestry, anti-erosion",TRUE
Acacia macilenta,Acacia macilenta,not cultivated,,TRUE
Acacia  mangium,Acacia mangium,multiple,,TRUE
Acacia mangium,Acacia mangium,multiple,,TRUE
Acacia mangium x auriculiformis,Acacia mangium,multiple,,TRUE
Acacia mearnsii,Acacia mearnsii,agroforestry,,TRUE
Acacia melanoxylon,Acacia melanoxylon,agroforestry,,TRUE
Acacia mimula,Acacia mimula,not cultivated,,TRUE
Acacia nilotica,Acacia nilotica,agroforestry,,TRUE
Acacia nilotica adansonii,Acacia nilotica,agroforestry,,TRUE
Acacia nilotica tomentosa,Acacia nilotica,agroforestry,,TRUE
Acacia obliquinervia,Acacia obliquinervia,not cultivated,,TRUE
Acacia parramattensis,Acacia parramattensis,not cultivated,,TRUE
Acacia parvipinnula,Acacia parvipinnula,not cultivated,,TRUE
Acacia pennatula,Acacia pennatula,not cultivated,,TRUE
Acacia mollissima,Acacia pubescens,agroforestry,,TRUE
Acacia pycnantha,Acacia pycnantha,agroforestry,,TRUE
Acacia salicina,Acacia salicina,multiple,,TRUE
Acacia cyanophylla,Acacia saligna,agroforestry,,TRUE
Acacia saligna,Acacia saligna,agroforestry,,TRUE
Acacia senegal,Acacia senegal,multiple,,TRUE
Acacia seyal,Acacia seyal,multiple,,TRUE
Acacia sp,Acacia sp,,,FALSE
Acacia spp,Acacia sp,,,TRUE
Acacia stenophylla,Acacia stenophylla,multiple,,TRUE
Acacia raddiana,Acacia tortilis,multiple,,TRUE
Acacia tortilis,Acacia tortilis,multiple,,TRUE
Acacia tortillis spp. heteracantha,Acacia tortilis,multiple,,TRUE
Adenocarpus foliolosus,Adenocarpus foliolosus,not cultivated,,TRUE
Adenocarpus hispanicus,Adenocarpus hispanicus,not cultivated,,TRUE
Adesmia bicolor,Adesmia bicolor,not cultivated,,TRUE
Aeschynomene afraspera,Aeschynomene afraspera,not cultivated,,TRUE
Aeschynomene americana,Aeschynomene americana,rangeland/pastureland,,TRUE
Aeschynomene elaphroxylon,Aeschynomene elaphroxylon,not cultivated,,TRUE
Aeschynomene indica,Aeschynomene indica,rangeland/pastureland,,TRUE
Aeschynomene nilotica,Aeschynomene nilotica,not cultivated,,TRUE
Aeschynomene rudis,Aeschynomene rudis,not cultivated,,TRUE
Aeschynomene schimperi,Aeschynomene schimperi,not cultivated,,TRUE
Aeschynomene sensitiva,Aeschynomene sensitiva,agroforestry,,TRUE
Aeschynomene sp.,Aeschynomene sp.,,,FALSE
Aeschynomene tambacoudensis,Aeschynomene tambacoundensis,not cultivated,,TRUE
Aeschynomene uniflora,Aeschynomene uniflora,not cultivated,,TRUE
Aeschynomene uniflorum,Aeschynomene uniflora,not cultivated,,TRUE
Ageratina adenophora,Ageratina adenophora,not cultivated,,TRUE
Albizia confuse,Albizia confuse,,check this species,FALSE
Albizia holosericea,Albizia holosericea,ornamental,,FALSE
Albizia julibrissin,Albizia julibrissin,multiple,,TRUE
Albizia kalkora,Albizia kalkora,multiple,,TRUE
Albizia mangium,Albizia mangium,agroforestry,,FALSE
Alhagi maurorum,Alhagi maurorum,,,TRUE
Alhagi murarum,Alhagi murarum,medicinal,,FALSE
Alhagi sparsifolia,Alhagi sparsifolia,anti-errosion ,,TRUE
Alhagi toum,Alhagi toum,,,FALSE
Alhagi tourm,Alhagi tourm,,"check this species,is it Alhagi maurorum  ",FALSE
Alysicarpus glumaceus,Alysicarpus glumaceus,not cultivated,,TRUE
Alysicapus ovalifolius,Alysicarpus ovalifolius,rangeland/pastureland,,TRUE
Alysicarpus ovalifolius,Alysicarpus ovalifolius,,,TRUE
Alysicarpus rugosus,Alysicarpus rugosus,rangeland/pastureland,,TRUE
Alysicarpus vaginalis,Alysicarpus vaginalis,rangeland/pastureland,,TRUE
Amorpha fruticosa,Amorpha fruticosa,ornamental,,TRUE
Amphicarpaea bracteata,Amphicarpaea bracteata,multiple,ocassionally grown for food,TRUE
Amphicarpaea edgeworthii,Amphicarpaea bracteata,multiple,ocassionally grown for food,TRUE
Amphicarpaea trisperma,Amphicarpaea bracteata,multiple,ocassionally grown for food,TRUE
Amphimas pterocarpoides,Amphimas pterocarpoides,multiple,,TRUE
Anadenanthera colubrina,Anadenanthera colubrina,multiple,,TRUE
Anadenanthera peregrina,Anadenanthera peregrina,agroforestry,,TRUE
Anagyris latifolia,Anagyris latifolia,not cultivated,,TRUE
Andira inermis,Andira inermis,multiple,,TRUE
Anthyllis henoniana,Anthyllis henoniana,not cultivated,,TRUE
Anthyllis vulneraria,Anthyllis vulneraria,medicinal,,TRUE
Aotus ericoides,Aotus ericoides,not cultivated,,TRUE
Apios americana,Apios americana,row crop,,TRUE
Arachis duranenis,Arachis duranensis,not cultivated,,TRUE
Arachis duranensis,Arachis duranensis,,,TRUE
Argyrolobium uniflorum,Argyrolobium uniflorum,multiple,,TRUE
Aspalathus abietina,Aspalathus abietina,not cultivated,,TRUE
Aspalathus carnosa,Aspalathus carnosa,not cultivated,,TRUE
Aspalathus cephalotes,Aspalathus cephalotes,not cultivated,,TRUE
Aspalathus ciliaris,Aspalathus ciliaris,not cultivated,,TRUE
Aspalathus hispida,Aspalathus hispida,not cultivated,,TRUE
Aspalathus linearis,Aspalathus linearis,agroforestry,,TRUE
Astragalus gummifer,Astracantha gummifera,multiple,,TRUE
Astragalus adsurgens,Astragalus adsurgens,not cultivated,,TRUE
Astragalus aksuensis,Astragalus aksuensis,medicinal,,TRUE
Astragalus algerianus,Astragalus algerianus,not cultivated,,TRUE
Astragalus alpinus,Astragalus alpinus,not cultivated,,TRUE
Astragalus americanus,Astragalus americanus,not cultivated,,TRUE
Astragalus armatus,Astragalus armatus,not cultivated,,TRUE
Astragalus spp,Astragalus asper,,,TRUE
Astragalus betetovii,Astragalus beketowi,not cultivated,,TRUE
Astragalus canadensis,Astragalus canadensis,anti-errosion ,,TRUE
Astragalus capillipes,Astragalus capillipes,not cultivated,,TRUE
Astragalus chrysopterus,Astragalus chrysopterus,not cultivated,,TRUE
Astragalus chyrsopterus,Astragalus chyrsopterus,not cultivated,,FALSE
Astragalus cicer,Astragalus cicer,rangeland/pastureland,,TRUE
Astragalus complanatus,Astragalus complanatus,medicinal,,TRUE
Astragalus complantus,Astragalus complanatus,medicinal,,TRUE
Astragalus cruciatus,Astragalus corrugatus,not cultivated,,TRUE
Astragalus dahuricus,Astragalus dahuricus,not cultivated,,TRUE
Astragalus danicus,Astragalus danicus,medicinal,,TRUE
Astragalus discolor,Astragalus discolor,not cultivated,,TRUE
Astragalus efoliolatus,Astragalus efoliolatus,not cultivated,,TRUE
Astragalus ernestii,Astragalus ernestii,not cultivated,,TRUE
Astragalus eucosmus,Astragalus eucosmus,not cultivated,,TRUE
Astragalus filicaulis,Astragalus filicaulis,not cultivated,,TRUE
Astragalus pachycladus,Astragalus glaucacanthos,not cultivated,,TRUE
Astragalus globiformis,Astragalus globiformis,multiple,,FALSE
Astragalus glycyphyllos,Astragalus glycyphyllos,not cultivated,,TRUE
Astragalus gombiformis,Astragalus gombo,not cultivated,,TRUE
Astragalus glombiformis,Astragalus gombo,,,TRUE
Astragalus henryi,Astragalus henryi,not cultivated,,TRUE
Astragalus hypoglottis,Astragalus hypoglottis,not cultivated,,TRUE
Astragalus kifonsanicus,Astragalus kifonsanicus,not cultivated,,TRUE
Astragalus laceratus,Astragalus laceratus,not cultivated,,TRUE
Astragalus lepsensis,Astragalus lepsensis,not cultivated,,TRUE
Astragalus luteolus,Astragalus luteolus,not cultivated,,TRUE
Astragalus melilotoides,Astragalus melilotoides,not cultivated,,TRUE
Astragalus melitoides,Astragalus melitoides,,,FALSE
Astragalus mollissimus,Astragalus mollissimus,not cultivated,,TRUE
Astragalus mongholicus,Astragalus mongholicus,medicinal,,TRUE
Astragalus onobrychis,Astragalus onobrychis,not cultivated,,TRUE
Astragalus oxyglottis,Astragalus oxyglottis,not cultivated,,TRUE
Astragalus poycladus,Astragalus polycladus,,,TRUE
Astragalus membranaceus,Astragalus propinquus,medicinal,,TRUE
Astragalus membraneceus,Astragalus propinquus,,,TRUE
Astragalus scaberrimus,Astragalus scaberrimus,not cultivated,,TRUE
Astragalus scobwerrimus,Astragalus scobwerrimus,,check this species,FALSE
Astragalus sinicus,Astragalus sinicus,rangeland/pastureland,,TRUE
Astragalus sp,Astragalus sp,,,FALSE
Astragalus tataricus,Astragalus tataricus,not cultivated,,TRUE
Astragalus tatsienensis,Astragalus tatsienensis,not cultivated,,TRUE
Astragalus tibetanus,Astragalus tibetanus,not cultivated,,TRUE
Astragalus yunnanensis,Astragalus yunnanensis,not cultivated,,TRUE
Aubrevillea platycarpa,Aubrevillea platycarpa,agroforestry,,TRUE
Baptisia tinctoria,Baptisia tinctoria,anti-errosion ,,TRUE
Bossiaea buxifolia,Bossiaea buxifolia,not cultivated,,TRUE
Bossiaea ensata,Bossiaea ensata,not cultivated,,TRUE
Bossiaea eriocarpa,Bossiaea eriocarpa,not cultivated,,TRUE
Bossiaea foliosa,Bossiaea foliosa,not cultivated,,TRUE
Bryaspis lupulina,Bryaspis lupulina,not cultivated,,TRUE
Cajanus acutifolius,Cajanus acutifolius,not cultivated,,TRUE
Calicotome villosa,Calicotome villosa,not cultivated,,TRUE
Calliandra depauperata,Calliandra depauperata,not cultivated,,TRUE
Calliandra locoensis,Calliandra haematomma,not cultivated,,TRUE
Calliandra grandiflora,Calliandra houstoniana,multiple,,TRUE
Calliandra surinamensis,Calliandra surinamensis,ornamental,,TRUE
Calopogonium mucunoides,Calopogonium mucunoides,rangeland/pastureland,,TRUE
Calycotome villosa,Calycotome villosa,,,FALSE
Camptotheca acuminata Decne,Camptotheca acuminata,not cultivated,,TRUE
Caragana arborescens,Caragana arborescens,not cultivated,,TRUE
Caragana bicolor,Caragana bicolor,not cultivated,,TRUE
Caragana erinacea,Caragana erinacea,not cultivated,,TRUE
Caragana franchetiana,Caragana franchetiana,not cultivated,,TRUE
Caragana jubata,Caragana jubata,multiple,,TRUE
Caragana intermedia,Caragana korshinskii,multiple,,TRUE
Caragana microphylla,Caragana microphylla,not cultivated,,TRUE
Caragana polourensis,Caragana polourensis,not cultivated,,TRUE
Caragana pruinosa,Caragana pruinosa,not cultivated,,TRUE
Caragana sinica,Caragana sinica,not cultivated,,TRUE
Caragana sp,Caragana sp,,,FALSE
Caragana sp.,Caragana sp.,,,FALSE
Carmichaelia australis,Carmichaelia australis,not cultivated,,TRUE
Carmichaelia corrugata,Carmichaelia corrugata,not cultivated,,TRUE
Carmichaelia monroi,Carmichaelia monroi,not cultivated,,TRUE
Carmichaelia nana,Carmichaelia nana,not cultivated,,TRUE
Carmichaelia ordorata,Carmichaelia odorata,not cultivated,,TRUE
Carmichaelia odorata,Carmichaelia odorata,,,TRUE
Carmichaelia petriei,Carmichaelia petriei,not cultivated,,TRUE
Carmichaelia puniceus,Carmichaelia puniceus,not cultivated,cultivated but also endemic?,FALSE
Carmichaelinae australis,Carmichaelinae australis,,,FALSE
Carmichaelinae monroi,Carmichaelinae monroi,,,FALSE
Carmichaelinae nana,Carmichaelinae nana,,,FALSE
Carmichaelinae puniceus,Carmichaelinae puniceus,,,FALSE
Cathormion umbellatum,Cathormion umbellatum,not cultivated,,TRUE
Centrolobium paraense,Centrolobium paraense,agroforestry,,TRUE
Centrosema macrocarpum,Centrosema macrocarpum,multiple,,TRUE
Centrosema molle,Centrosema molle,multiple,,TRUE
Ceratonia siliqua,Ceratonia siliqua,row crop,maybe agroforestry? but they use grafting to do propagation and intercropping so i don't think we should use it?,TRUE
Cercis racemosa,Cercis racemosa,ornamental,,TRUE
Chamaecrista fasciculata,Chamaecrista fasciculata,not cultivated,,TRUE
Chamaecrista mimosoides,Chamaecrista mimosoides,multiple,,TRUE
Chamaecrista sp,Chamaecrista sp,,,FALSE
Chidlowia sanguinea,Chidlowia sanguinea,not cultivated,,TRUE
Christia obcordata,Christia obcordata,medicinal,,TRUE
Cicer arietinum,Cicer arietinum,row crop,,TRUE
Cicer canariense,Cicer canariense,not cultivated,,TRUE
Clianthus puniceus,Clianthus puniceus,ornamental,,TRUE
Colutea arborescens,Colutea arborescens,ornamental,,TRUE
Colytea nepalensis,Colutea nepalensis,not cultivated,,TRUE
Colutea nepalensis,Colutea nepalensis,,,TRUE
Conzattia multiflora,Conzattia multiflora,medicinal,,TRUE
Coronilla scorpioides,Coronilla scorpioides,not cultivated,,TRUE
Cratylia mollis,Cratylia mollis,rangeland/pastureland,,TRUE
Crotalaria comosa,Crotalaria comosa,not cultivated,,TRUE
Crotalaria glaucoides,Crotalaria glaucoides,not cultivated,,TRUE
Crotalaria goreenis,Crotalaria goreensis,not cultivated,,TRUE
Crotalaria goreensis,Crotalaria goreensis,not cultivated,,TRUE
Crotalaria hyssopinfolia,Crotalaria hyssopifolia,not cultivated,,TRUE
Crotalaria hyssopifolia,Crotalaria hyssopifolia,,,TRUE
Crotalaria incana,Crotalaria incana,not cultivated,,TRUE
Crotalaria lathyroides,Crotalaria lathyroides,not cultivated,,TRUE
Crotalaria medicaginea,Crotalaria medicaginea,not cultivated,,TRUE
Crotalaria montana,Crotalaria montana,not cultivated,,TRUE
Crotalaria pallida,Crotalaria pallida,multiple,,TRUE
Crotalaria perrottetii,Crotalaria perrottetii,not cultivated,,TRUE
Crotalaria perrotteti,Crotalaria perrottetii,,,TRUE
Crotalaria podocarpa,Crotalaria podocarpa,not cultivated,,TRUE
Crotalaria retusa,Crotalaria retusa,rangeland/pastureland,,TRUE
Crotalaria sp.,Crotalaria sp.,,,FALSE
Crotalaria spinosa,Crotalaria spinosa,not cultivated,,TRUE
Crotalaria zanzibarica,Crotalaria trichotoma,rangeland/pastureland,,TRUE
Cyclopia intermedia,Cyclopia intermedia,agroforestry,,TRUE
Cyclopia longifolia,Cyclopia longifolia,agroforestry,,TRUE
Cyclopia meyeriana,Cyclopia meyeriana,agroforestry,,TRUE
Cytisus balansae,Cytisus balansae,not cultivated,,TRUE
Cytisus grandiflora,Cytisus grandiflorus,not cultivated,,TRUE
Cytisus multiflorus,Cytisus multiflorus,ornamental,,TRUE
Chamaecytisus proliferus,Cytisus proliferus,rangeland/pastureland,,TRUE
Cytisus purgans,Cytisus purgans,ornamental,,TRUE
Cytisus scoparius,Cytisus scoparius,ornamental,,TRUE
Sarothamnus scoparius,Cytisus scoparius,ornamental,synonym of Cytisus scoparius,TRUE
Cytisus sp,Cytisus sp,,,FALSE
Cytisus striatus,Cytisus striatus,anti-errosion ,,TRUE
Cytisus villosus,Cytisus villosus,not cultivated,,TRUE
Dalbergia balansae,Dalbergia balansae,not cultivated,,TRUE
Dalbergia baronii,Dalbergia baronii,not cultivated,,TRUE
Dalbergia chapielieri,Dalbergia chapelieri,not cultivated,,TRUE
Dalbergia dyeriana,Dalbergia dyeriana,not cultivated,,TRUE
Dalbergia hancei,Dalbergia hancei,not cultivated,,TRUE
Dalbergia hupeana,Dalbergia hupeana,ornamental,,TRUE
Dalbergia louvelii,Dalbergia louvelii,not cultivated,,TRUE
Dalbergia madagascariensis,Dalbergia madagascariensis,not cultivated,,TRUE
Dalbergia maritima,Dalbergia maritima,not cultivated,,TRUE
Dalbergia mimosoides,Dalbergia mimosoides,not cultivated,,TRUE
Dalbergia monticola,Dalbergia monticola,not cultivated,,TRUE
Dalbergia odorifera,Dalbergia odorifera,not cultivated,,TRUE
Dalbergia purpurascens,Dalbergia purpurascens,not cultivated,,TRUE
Dalbergia retusa,Dalbergia retusa,not cultivated,,TRUE
Dalbergia sp.,Dalbergia sp.,,,FALSE
Dalea purpurea,Dalea purpurea,anti-errosion ,,TRUE
Daviesia buxifolia,Daviesia buxifolia,not cultivated,,TRUE
Daviesia latifolia,Daviesia latifolia,ornamental,,TRUE
Daviesia leptophylla,Daviesia leptophylla,not cultivated,,TRUE
Daviesia mimosoides,Daviesia mimosoides,not cultivated,,TRUE
Daviesia ulicifolia,Daviesia ulicifolia,not cultivated,,TRUE
Derris elliptica,Derris elliptica,not cultivated,,TRUE
Desmanthus illinoensis,Desmanthus illinoensis,not cultivated,,TRUE
Desmodium axillare,Desmodium axillare,medicinal,,TRUE
Desmodium brownii,Desmodium brownii,not cultivated,,TRUE
Desmodium canadense,Desmodium canadense,not cultivated,,TRUE
Desmodium elegans,Desmodium elegans,not cultivated,,TRUE
Desmodium gangeticum,Desmodium gangeticum,medicinal,,TRUE
Desmodium glutinosum,Desmodium glutinosum,not cultivated,,TRUE
Desmodium grahamii,Desmodium grahamii,not cultivated,,TRUE
Desmodium heterocarpon,Desmodium heterocarpon,multiple,,TRUE
Desmodium microphyllum,Desmodium microphyllum,medicinal,,TRUE
Desmodium  multiflorum,Desmodium multiflorum,medicinal,,TRUE
Desmodium paniculatum,Desmodium paniculatum,rangeland/pastureland,,TRUE
Desmodium retinens,Desmodium retinens,not cultivated,,TRUE
Desmodium rotundifolium,Desmodium rotundifolium,not cultivated,,TRUE
Desmodium sequax,Desmodium sequax,not cultivated,,TRUE
Desmodium sp.,Desmodium sp.,,,FALSE
Desmodium triflorum,Desmodium triflorum,multiple,,TRUE
Dillwynia brunioides,Dillwynia brunioides,not cultivated,,TRUE
Dillwynia glaberrima,Dillwynia glaberrima,not cultivated,,TRUE
Dillwynia ramosissima,Dillwynia ramosissima,not cultivated,,TRUE
Dillwynia retorta,Dillwynia retorta,not cultivated,,TRUE
Dillwynia sericea,Dillwynia sericea,not cultivated,,TRUE
Dimorphandra wilsonii,Dimorphandra wilsonii,not cultivated,,TRUE
Dipogon lignosus,Dipogon lignosus,ornamental,,TRUE
Dunbaria singuliflora,Dunbaria debilis,not cultivated,,TRUE
Ebensus pinnata,Ebenus pinnata,not cultivated,,TRUE
Enterolobium contortisiliquum,Enterolobium contortisiliquum,not cultivated,,TRUE
Eriosema glomeratum,Eriosema glomeratum,not cultivated,,TRUE
Erythrina brucei,Erythrina brucei,agroforestry,,TRUE
Erythrina crista-galli,Erythrina crista-galli,medicinal,,TRUE
Acacia albida,Faidherbia albida,agroforestry,,TRUE
Faidherbia albida,Faidherbia albida,agroforestry,,TRUE
Albizia falcataria,Falcataria moluccana,agroforestry,,TRUE
Moghania faginea,Flemingia faginea,not cultivated,,TRUE
Flemingia parviflora,Flemingia parviflora,not cultivated,,TRUE
Funaria hygrometrica,Funaria hygrometrica,,"this is a moss, look at the paper again",TRUE
Galactia megalophylla,Galactia megalophylla,not cultivated,,TRUE
Galactia tenuiflora,Galactia tenuiflora,not cultivated,,TRUE
Galega officinalis,Galega officinalis,rangeland/pastureland,,TRUE
Galega orientalis,Galega orientalis,rangeland/pastureland,,TRUE
Gastrolobium capitatum,Gastrolobium capitatum,not cultivated,,TRUE
Teline  canariensis,Genista canariensis,not cultivated,,TRUE
Genista hystrix,Genista hystrix,not cultivated,,TRUE
Genista microcephala,Genista microcephala,not cultivated,,TRUE
Teline  stenopetala,Genista stenopetala,not cultivated,,TRUE
Genista tinctoria,Genista tinctoria,not cultivated,,TRUE
Genista versicolor,Genista versicolor,not cultivated,,TRUE
Gliricidia sepium,Gliricidia sepium,multiple,,TRUE
Glycine max,Glycine max,row crop,,TRUE
Glycine soja,Glycine max,row crop,,TRUE
Glycyrrhiza multiflora,Glycyrrhiza multiflora,medicinal,,FALSE
Glycyrrhiza pallidiflora,Glycyrrhiza pallidiflora,anti-errosion ,,TRUE
Glycyrrhiza uralensis,Glycyrrhiza uralensis,medicinal,,TRUE
Gompholobium huegelii,Gompholobium huegelii,not cultivated,,TRUE
Gompholobium polymorphum,Gompholobium polymorphum,not cultivated,,TRUE
Goodia lotifolia,Goodia lotifolia,not cultivated,,TRUE
Gueldenstaedtia multiflora,Gueldenstaedtia multiflora,,,TRUE
Gueldenstaedtia verna,Gueldenstaedtia verna,,,TRUE
Halimodendron halodendron,Halimodendron halodendron,not cultivated,,TRUE
Halimondendron holodendron,Halimodendron halodendron,not cultivated,,TRUE
Halimodendron holodendron,Halimodendron halodendron,,,TRUE
Hardenbergia violacea,Hardenbergia violacea,ornamental,,TRUE
Hedysarum confertum,Hedysarum boveanum,,,TRUE
Hedysarum carnosum,Hedysarum carnosum,not cultivated,,TRUE
Hedysarum coronarium,Hedysarum coronarium,rangeland/pastureland,,TRUE
Hedysarum coronarium L. Leguminosae,Hedysarum coronarium,rangeland/pastureland,,TRUE
Hedysarum mogholicus,Hedysarum mogholicus,,,FALSE
Hedysarum mongholicus,Hedysarum mongholicus,medicinal,,FALSE
Hedysarum polybotrys,Hedysarum polybotrys,medicinal,,TRUE
Hedysarum scoparium,Hedysarum scoparium,not cultivated,,TRUE
Hedysarum spinosissimum,Hedysarum spinosissimum,not cultivated,,TRUE
Hippocrepis bicontorta,Hippocrepis areolata,not cultivated,,TRUE
Hipporcrepis bicontorta,Hippocrepis areolata,not cultivated,,TRUE
Hovea linearis,Hovea linearis,not cultivated,,TRUE
Hovea purpurea,Hovea purpurea,not cultivated,,TRUE
Desmodium fallax,Hylodesmum podocarpum,not cultivated,,TRUE
Desmodium racemosum,Hylodesmum podocarpum,not cultivated,,TRUE
Hypocalyptus coluteoides,Hypocalyptus coluteoides,not cultivated,,TRUE
Hypocalyptus oxalidifolius,Hypocalyptus oxalidifolius,not cultivated,,TRUE
Hypocalyptus sophoroides,Hypocalyptus sophoroides,not cultivated,,TRUE
Indigofera amblyantha,Indigofera amblyantha,ornamental,,TRUE
Indigofea amorphoides,Indigofera amorphoides,not cultivated,,TRUE
Indigofera amorphoides,Indigofera amorphoides,,,TRUE
Indigofera arrecta,Indigofera arrecta,rangeland/pastureland,,TRUE
Indigofera astragalina,Indigofera astragalina,multiple,,TRUE
Indigofera australis,Indigofera australis,not cultivated,,TRUE
Indigofera carlesii,Indigofera carlesi,not cultivated,,TRUE
Indigofera colutea,Indigofera colutea,medicinal,,TRUE
Indigofera viscosa,Indigofera colutea,medicinal,,TRUE
Indigofera cytisoides,Indigofera cytisoides,not cultivated,,TRUE
Indigofera hirsuta,Indigofera hirsuta,rangeland/pastureland,,TRUE
Indigofera linifolia,Indigofera linifolia,not cultivated,,TRUE
Indigofera linnaei,Indigofera linnaei,not cultivated,,TRUE
Indigofera microcarpa,Indigofera microcarpa,medicinal,,TRUE
Indigofera parviflora,Indigofera parviflora,,,TRUE
Indigofera potaninii,Indigofera potaninii,not cultivated,,TRUE
Indigofera saxicola,Indigofera saxicola,not cultivated,,TRUE
Indigofera senegalenis,Indigofera senegalensis,rangeland/pastureland,,TRUE
Indigofera senegalensis,Indigofera senegalensis,,,TRUE
Indigofera sp,Indigofera sp,,,FALSE
Indigofera stenophylla,Indigofera stenophylla,not cultivated,,TRUE
Indigofera tinctoria,Indigofera tinctoria,rangeland/pastureland,,TRUE
Indigofera trita,Indigofera trita,medicinal,,TRUE
Inga laurina,Inga laurina,not cultivated,,TRUE
Inga oerstediana,Inga oerstediana,not cultivated,,TRUE
Inga pavoniana,Inga pavoniana,not cultivated,,TRUE
Inga uraguensis,Inga uraguensis,not cultivated,,TRUE
Inga uruguensis,Inga uraguensis,not cultivated,,TRUE
Isotropis atropurpurea,Isotropis atropurpurea,,,TRUE
Jacksonia dilatata,Jacksonia dilatata,not cultivated,,TRUE
Jacksonia sericea,Jacksonia sericea,not cultivated,,TRUE
Lotus roudairei,Kebirita roudairei,not cultivated,,TRUE
Kennedia coccinea,Kennedia coccinea,not cultivated,,TRUE
Kummerowia stipulacea,Kummerowia stipulacea,multiple,,TRUE
Lespedeza stipulacea,Kummerowia stipulacea,multiple,,TRUE
Kummerowia striata,Kummerowia striata,rangeland/pastureland,,TRUE
Lespedeza striata,Kummerowia striata,rangeland/pastureland,,TRUE
Cytisus laburnum,Laburnum anagyroides,ornamental,,TRUE
Laburnum anagyroides,Laburnum anagyroides,ornamental,,TRUE
Cytisus laburnuum,Laburnum anagyroides,,,TRUE
Lathyrus aphaca,Lathyrus aphaca,not cultivated,,TRUE
Orobus luteus,Lathyrus gmelinii,ornamental,,TRUE
Lathyrus humilis,Lathyrus humilis,not cultivated,,TRUE
Lathyrus japonicus,Lathyrus japonicus,not cultivated,,TRUE
Lathyrus latifolius,Lathyrus latifolius,ornamental,,TRUE
Lathyrus nissolia,Lathyrus nissolia,not cultivated,,TRUE
Lathyrus numidicus,Lathyrus numidicus,not cultivated,,TRUE
Lathyrus odoratus,Lathyrus odoratus,ornamental,,TRUE
Lathyrus pratensis,Lathyrus pratensis,not cultivated,,TRUE
Lathyrus pratense,Lathyrus pratensis,,,TRUE
Lathyrus tuberosus,Lathyrus tuberosus,row crop,,TRUE
Lebeckia ambigua,Lebeckia ambigua,not cultivated,,TRUE
Lespedeza bicolor,Lespedeza bicolor,multiple,,TRUE
Lespedeza bicolor for. alba,Lespedeza bicolor,multiple,,FALSE
Lespedeza capitata,Lespedeza capitata,rangeland/pastureland,,TRUE
Lespedeza cyrtobotrya,Lespedeza cyrtobotrya,not cultivated,,TRUE
Lespedeza davidii,Lespedeza davidii,not cultivated,,TRUE
Lespedeza daurica,Lespedeza davurica,not cultivated,,TRUE
Lespedeza davurica,Lespedeza davurica,medicinal,,TRUE
Lespedeza floribunda,Lespedeza floribunda,ornamental,,TRUE
Lespedeza bicolar for. Alba,Lespedeza floribunda,,,FALSE
Lespedeza hirta,Lespedeza hirta,ornamental,,TRUE
Lespedeza inschanica,Lespedeza inschanica,ornamental,,TRUE
Lespedeza intermedia,Lespedeza intermedia,not cultivated,,TRUE
Lespedeza cuneata,Lespedeza juncea,multiple,,TRUE
Lespedeza hedysaroides,Lespedeza juncea,ornamental,,TRUE
Lespedeza juncea,Lespedeza juncea,ornamental,,TRUE
Lespedeza maximowiczii,Lespedeza maximowiczii,ornamental,,TRUE
Lespedeza maximowiezzi var. tomentella,Lespedeza maximowiczii,ornamental,,TRUE
Lespedeza maximowiezzi,Lespedeza maximowiezzi,,,FALSE
Lespedeza procumbens,Lespedeza procumbens,not cultivated,,TRUE
Lespedeza sp,Lespedeza sp,,,FALSE
Lespedeza sp.,Lespedeza sp.,,,FALSE
Lespedeza formosa,Lespedeza thunbergii,ornamental,,TRUE
Lespedeza tomentosa,Lespedeza tomentosa,not cultivated,,TRUE
Lespedeza virgata,Lespedeza virgata,not cultivated,,TRUE
Lessertia annularis,Lessertia annularis,not cultivated,,TRUE
Lessertia capitata,Lessertia capitata,not cultivated,,TRUE
Lessertia diffusa,Lessertia diffusa,not cultivated,,TRUE
Lessertia excisa,Lessertia excisa,not cultivated,,TRUE
Lessertia frutescens,Lessertia frutescens,not cultivated,,TRUE
Lessertia herbacea,Lessertia herbacea,not cultivated,,TRUE
Lessertia incana,Lessertia incana,not cultivated,,TRUE
Lessertia microphylla,Lessertia microphylla,medicinal,,TRUE
Lessertia pauciflora,Lessertia pauciflora,not cultivated,,TRUE
Lessertia sp,Lessertia sp,,,FALSE
Leucaena leucocephala,Leucaena leucocephala,agroforestry,,TRUE
Lonchocarpus atropurpureus,Lonchocarpus atropurpureus,not cultivated,,TRUE
Lonchocarpus nitidus,Lonchocarpus nitidus,not cultivated,,TRUE
Lotononis bainesii,Lotononis bainesii,rangeland/pastureland,,TRUE
Lotus argenteus,Lotus argenteus,not cultivated,,TRUE
Lotus arinagensis,Lotus arinagensis,not cultivated,,TRUE
Lotus australis,Lotus australis,,,TRUE
Lotus berthelotii,Lotus berthelotii,ornamental,,TRUE
Lotus callis-viridis,Lotus callis-viridis,not cultivated,,TRUE
Lotus campylocladus,Lotus campylocladus,not cultivated,,TRUE
Lotus corniculatus,Lotus corniculatus,rangeland/pastureland,,TRUE
Lotus cornuculatus,Lotus corniculatus,,,TRUE
Lotus creticus,Lotus creticus,anti-errosion ,,TRUE
Lotus cruentus,Lotus cruentus,not cultivated,,TRUE
Lotus frondosus,Lotus frondosus,not cultivated,,TRUE
Lotus halophilus,Lotus halophilus,not cultivated,,TRUE
Lotus kunkelii,Lotus kunkelii,not cultivated,,TRUE
Lotus lancerottensis,Lotus lancerottensis,not cultivated,,TRUE
Lotus maculatus,Lotus maculatus,ornamental,,TRUE
Lotus oroboides,Lotus oroboides,not cultivated,,TRUE
Lotus pedunculatus,Lotus pedunculatus,not cultivated,,TRUE
Lotus uliginosus,Lotus pedunculatus,not cultivated,,TRUE
Lotus pyranthus,Lotus pyranthus,ornamental,,TRUE
Lotus sessilifolius,Lotus sessilifolius,not cultivated,,TRUE
Lotus sessilifoius,Lotus sessilifolius,,,TRUE
Lotus spp,Lotus spp,,,FALSE
Lotus subbiflorus,Lotus subbiflorus,not cultivated,,TRUE
Lotus tenuis,Lotus tenuis,not cultivated,,TRUE
Lupinus albescens,Lupinus albescens,rangeland/pastureland,,TRUE
Lupinus albus,Lupinus albus,row crop,,TRUE
Lupinus angustifolius,Lupinus angustifolius,rangeland/pastureland,,TRUE
Lupinus bandelierae,Lupinus bandelierae,not cultivated,,TRUE
Lupinus bracteolaris,Lupinus bracteolaris,not cultivated,,TRUE
Lupinus breviscapus,Lupinus breviscapus,not cultivated,,TRUE
Lupinus brevicapus,Lupinus breviscapus,,,TRUE
Lupinus campestris,Lupinus campestris,not cultivated,,TRUE
Lupinus cosentinii,Lupinus cosentinii,rangeland/pastureland,,TRUE
Lupinus hispanicus,Lupinus hispanicus,not cultivated,,TRUE
Lupinus honoratus,Lupinus honoratus,not cultivated,,TRUE
Lupinus luteus,Lupinus luteus,row crop,,TRUE
Lupinus mariae-josephae,Lupinus mariae-josephae,not cultivated,,TRUE
Lupinus mariae-josephi,Lupinus mariae-josephae,,,TRUE
Lupinus micranthus,Lupinus micranthus,not cultivated,,TRUE
Lupinus misticola,Lupinus misticola,not cultivated,,TRUE
Lupinus mutabilis,Lupinus mutabilis,row crop,,TRUE
Lupinus nootkatensis,Lupinus nootkatensis,anti-errosion ,,TRUE
Lupinus paraguariensis,Lupinus paraguariensis,not cultivated,,TRUE
Lupinus paranensis,Lupinus paranensis,not cultivated,,TRUE
Lupinus perennis,Lupinus perennis,not cultivated,,TRUE
Lupinus polyphyllus,Lupinus polyphyllus,ornamental,,TRUE
Lupinus pycnostachys,Lupinus pycnostachys,not cultivated,,TRUE
Lupinus rubriflorus,Lupinus rubriflorus,not cultivated,,TRUE
Lupinus sp,Lupinus sp,,,FALSE
Lupinus sp.,Lupinus sp.,,,FALSE
Lupinus texensis,Lupinus texensis,not cultivated,,TRUE
Lupinus tominensis,Lupinus tominensis,not cultivated,,TRUE
Lupinus uleanus,Lupinus uleanus,not cultivated,,TRUE
Maackia amurensis,Maackia amurensis,not cultivated,,TRUE
Machaerium lunatum,Machaerium lunatum,medicinal,,TRUE
Machaerium milleflorum,Machaerium milleflorum,not cultivated,,TRUE
Machaerium milliflorum,Machaerium milleflorum,not cultivated,,TRUE
Macroptilium atropurpureum,Macroptilium atropurpureum,multiple,,TRUE
Macroptilium gibbosifolium,Macroptilium gibbosifolium,not cultivated,,TRUE
Macrotyloma uniflorum,Macrotyloma uniflorum,row crop,,TRUE
Medicago arabica,Medicago arabica,not cultivated,,TRUE
Medicago arborea,Medicago arborea,ornamental,,TRUE
Medicago archiducis-nicolai,Medicago archiducis-nicolai,not cultivated,,TRUE
Medicago falcata,Medicago falcata,rangeland/pastureland,,TRUE
Medicago ciliaris,Medicago intertexta,not cultivated,,TRUE
Medicago laciniata,Medicago laciniata,not cultivated,,TRUE
Medicago lupulina,Medicago lupulina,rangeland/pastureland,,TRUE
Medicago marina,Medicago marina,not cultivated,,TRUE
Medicago minima,Medicago minima,not cultivated,,TRUE
Trigonella monspelliaca,Medicago monspeliaca,not cultivated,,TRUE
Trigonella monspeliaca,Medicago monspeliaca,,,TRUE
Medicago platycarpes,Medicago platycarpa,not cultivated,,TRUE
Medicago polymorpha,Medicago polymorpha,multiple,,TRUE
Medicago sativa,Medicago sativa,row crop,,TRUE
Medicago scutellata,Medicago scutellata,not cultivated,,TRUE
Medicago sp,Medicago sp,,,FALSE
Medicago sphaerocarpa,Medicago sphaerocarpa,not cultivated,,TRUE
Medicago truncatula,Medicago truncatula,rangeland/pastureland,,TRUE
Melilotus albus,Melilotus albus,row crop,,TRUE
Melilotus alles,Melilotus alles,,,FALSE
Melilotus dentatus,Melilotus dentatus,multiple,,TRUE
Melilotus indicus,Melilotus indicus,medicinal,,TRUE
Melilotus parviflorus,Melilotus indicus,medicinal,,TRUE
Melilotus officinalis,Melilotus officinalis,multiple,,TRUE
Melilotus alba,Melilotus officinalis,,,TRUE
Microlobius foetidus,Microlobius foetidus,agroforestry,,TRUE
Millettia leucantha,Millettia leucantha,multiple,,TRUE
Mimosa acutisipula,Mimosa acutistipula,not cultivated,,TRUE
Mimosa acutistipula,Mimosa acutistipula,,,TRUE
Mimosa affinis,Mimosa affinis,not cultivated,,TRUE
Mimosa asperata,Mimosa asperata,not cultivated,,TRUE
Mimosa bimucronata,Mimosa bimucronata,multiple,,TRUE
Mimosa caesalpiniaefolia,Mimosa caesalpiniifolia,multiple,,TRUE
Mimosa casta,Mimosa casta,multiple,,TRUE
Mimosa ceratonia,Mimosa ceratonia,not cultivated,,TRUE
Mimosa cordistipula,Mimosa cordistipula,not cultivated,,TRUE
Mimosa diplotricha,Mimosa diplotricha,not cultivated,,TRUE
Mimosa flocculosa,Mimosa flocculosa,not cultivated,,TRUE
Mimosa hamata,Mimosa hamata,rangeland/pastureland,,TRUE
Mimosa himalayana,Mimosa himalayana,not cultivated,,TRUE
Mimosa invisa,Mimosa invisa,not cultivated,,TRUE
Mimosa misera,Mimosa misera,not cultivated,,TRUE
Mimosa paraibana,Mimosa paraibana,not cultivated,,TRUE
Mimosa pigra,Mimosa pigra,not cultivated,,TRUE
Mimosa pudica,Mimosa pudica,rangeland/pastureland,,TRUE
Mimosa candollei,Mimosa quadrivalvis,not cultivated,,TRUE
Mimosa scabrella,Mimosa scabrella,agroforestry,,TRUE
Mimosa spp,Mimosa spp,,,FALSE
Mimosa tenuiflora,Mimosa tenuiflora,multiple,,TRUE
Mirbelia oxylobioides,Mirbelia oxylobioides,not cultivated,,TRUE
Mirbelia rubiifolia,Mirbelia rubiifolia,not cultivated,,TRUE
Montigena novae-zelandiae,Montigena novae-zelandiae,not cultivated,,TRUE
Mucuna aterrima,Mucuna pruriens,row crop,,TRUE
Muelleranthus trifoliolatus,Muelleranthus trifoliolatus,,,TRUE
Neptunia gracilis,Neptunia gracilis,rangeland/pastureland,,TRUE
Neptunia natans,Neptunia natans,,,TRUE
Neptunia oleracea,Neptunia oleracea,row crop,,TRUE
Neptunia plena,Neptunia plena,not cultivated,,TRUE
Catenaria caudata,Ohwia caudata,medicinal,,TRUE
Desmodium caudatum,Ohwia caudata,medicinal,,TRUE
Catenaria caudatum,Ohwia caudata,,,TRUE
Onobrychis arenaria,Onobrychis arenaria,not cultivated,,TRUE
Hedysarum confertum Desf.,Onobrychis biebersteinii,rangeland/pastureland,,TRUE
Onobrychis spp,Onobrychis spp,,,FALSE
Onobrychis transcaucasica,Onobrychis transcaucasica,not cultivated,,TRUE
Onobrychis transcaucasia,Onobrychis transcaucasica,,,TRUE
Onobrychis viciifolia,Onobrychis viciifolia,row crop,,TRUE
Ononis natrix,Ononis natrix,not cultivated,,TRUE
Ononis repens,Ononis spinosa,multiple,,TRUE
Ononis spinosa,Ononis spinosa,multiple,,TRUE
Ononis tridentata,Ononis tridentata,not cultivated,,TRUE
Ononis vaginalis,Ononis vaginalis,not cultivated,,TRUE
Ornithopus compressus,Ornithopus compressus,not cultivated,,TRUE
Ornithopus comressus,Ornithopus compressus,not cultivated,,TRUE
Ornithopus perpusillus,Ornithopus perpusillus,not cultivated,,TRUE
Ornithopus sativus,Ornithopus sativus,rangeland/pastureland,,TRUE
Ornithopus sp.,Ornithopus sp.,,,FALSE
Oxylobium ellipticum,Oxylobium ellipticum,not cultivated,,TRUE
Oxytropis arctica,Oxytropis arctica,not cultivated,,TRUE
Oxytropis bicolor,Oxytropis bicolor,not cultivated,,TRUE
Oxytropis cachemiriana,Oxytropis cachemiriana,not cultivated,,TRUE
Oxytropis monticola,Oxytropis campestris,not cultivated,,TRUE
Oxytropis deflexa,Oxytropis deflexa,not cultivated,,TRUE
Oxytropis glabra,Oxytropis glabra,medicinal,,TRUE
Oxytropis kansuensis,Oxytropis kansuensis,not cultivated,,TRUE
Oxytropis maydelliana,Oxytropis maydelliana,not cultivated,,TRUE
Oxytropis meinshausenii,Oxytropis meinshausenii,not cultivated,,TRUE
Oxytropis myriophylla,Oxytropis myriophylla,medicinal,,TRUE
Oxytropis arctobia,Oxytropis nigrescens,not cultivated,,TRUE
Oxytropis ochrocephala,Oxytropis ochrocephala,not cultivated,,TRUE
Oxytropis ochrocephala Bunge,Oxytropis ochrocephala,not cultivated,,TRUE
Oxytropis psammocharis,Oxytropis racemosa,not cultivated,,TRUE
Oxytropis riparia,Oxytropis riparia,not cultivated,,TRUE
Oxytropis sp,Oxytropis sp,,,FALSE
Oxytropis splendens,Oxytropis splendens,not cultivated,,TRUE
Oxytropis spp,Oxytropis spp,,,FALSE
Oxytropis subpodoloba,Oxytropis subpodoloba,not cultivated,,TRUE
Parapiptadenia pterosperma,Parapiptadenia pterosperma,not cultivated,,TRUE
Parapiptadenia rigida,Parapiptadenia rigida,multiple,,TRUE
Parapiptedenia rigida,Parapiptadenia rigida,multiple,,TRUE
Peltophorum dubium,Peltophorum dubium,not cultivated,,TRUE
Phaseolus parvulus,Phaseolus parvulus,not cultivated,,TRUE
Phaseolus pauciflorus,Phaseolus pauciflorus,not cultivated,,TRUE
Phaseolus pedicellatus,Phaseolus pedicellatus,not cultivated,,TRUE
Phaseolus vulgaris,Phaseolus vulgaris,row crop,,TRUE
Phyllota phylicoides,Phyllota phylicoides,not cultivated,,TRUE
Piptadenia adiantoides,Piptadenia adiantoides,not cultivated,,TRUE
Piptadenia flava,Piptadenia flava,not cultivated,,TRUE
Piptadenia gonoacantha,Piptadenia gonoacantha,agroforestry,,TRUE
Piptadenia paniculata,Piptadenia paniculata,not cultivated,,TRUE
Piptadenia trisperma,Piptadenia trisperma,not cultivated,,TRUE
Piptadenia viridiflora,Piptadenia viridiflora,agroforestry,,TRUE
Pithecellobium hymenaeafolium,Pithecellobium hymenaeafolium,,,TRUE
Pithecllobium hymenaeafolium,Pithecllobium hymenaeafolium,not cultivated,,FALSE
Platylobium formosum,Platylobium formosum,not cultivated,,TRUE
Platylobium formosun,Platylobium formosum,,,TRUE
Platymiscium pinnatum,Platymiscium pinnatum,multiple,,TRUE
Podalyria calyptrata,Podalyria calyptrata,not cultivated,,TRUE
Podolobium alpestre,Podolobium alpestre,not cultivated,,TRUE
Podolobium ilicifolium,Podolobium ilicifolium,not cultivated,,TRUE
Poitea punicea,Poitea punicea,not cultivated,,TRUE
Prosopis alba,Prosopis alba,multiple,,TRUE
Prosopis chilensis,Prosopis chilensis,multiple,,TRUE
Prosopis farcta,Prosopis farcta,medicinal,,TRUE
Prosopis juliflora,Prosopis juliflora,multiple,,TRUE
Prosopis nigra,Prosopis nigra,multiple,,TRUE
Pseudopiptadenia contorta,Pseudopiptadenia contorta,not cultivated,,TRUE
Psoralea aculeata,Psoralea aculeata,not cultivated,,TRUE
Psoralea aphylla,Psoralea aphylla,not cultivated,,TRUE
Psoralea asarina,Psoralea asarina,not cultivated,,TRUE
Psoralea laxa,Psoralea laxa,not cultivated,,TRUE
Psoralea monophylla,Psoralea monophylla,not cultivated,,TRUE
Psoralea pinnata,Psoralea pinnata,not cultivated,,TRUE
Psoralea repens,Psoralea repens,not cultivated,,TRUE
Psoralea restioides,Psoralea restioides,not cultivated,,TRUE
Pterocarpus erinaceus,Pterocarpus erinaceus,multiple,,TRUE
Pterocarpus indicus,Pterocarpus indicus,multiple,,TRUE
Pterocarpus lucens,Pterocarpus lucens,multiple,,TRUE
Pterocarpus officinalis,Pterocarpus officinalis,multiple,,TRUE
Pueraria mirifica,Pueraria candollei,medicinal,,TRUE
Pueraria thunbergiana,Pueraria montana,not cultivated,,TRUE
Pultenaea capitellata,Pultenaea capitellata,not cultivated,,TRUE
Pultenaea daphniodes,Pultenaea daphniodes,,,FALSE
Pultenaea daphnoides,Pultenaea daphnoides,ornamental,,TRUE
Pultenaea procumbens,Pultenaea procumbens,not cultivated,,TRUE
Pultenaea scabra,Pultenaea scabra,not cultivated,,TRUE
Rauwolfia spp,Rauwolfia spp,,,FALSE
Retama raetam,Retama raetam,not cultivated,,TRUE
Retama sphaerocarpa,Retama sphaerocarpa,multiple,,TRUE
Rhynchosia ferulifolia,Rhynchosia ferulifolia,not cultivated,,TRUE
Rhynchosia minima,Rhynchosia minima,rangeland/pastureland,,TRUE
Rhynchosia pyramidalis,Rhynchosia pyramidalis,not cultivated,,TRUE
Robinia pseudoacacia,Robinia pseudoacacia,multiple,,TRUE
Robinia speudoacacia L.,Robinia pseudoacacia,,,TRUE
Coronilla varia,Securigera varia,anti-errosion ,,TRUE
Securigera varia,Securigera varia,anti-errosion ,,TRUE
Cassia absus,Senna insularis,not cultivated,,TRUE
Senna obtusifolia,Senna obtusifolia,medicinal,,TRUE
Sesbania cannabina,Sesbania cannabina,not cultivated,,TRUE
Sesbania herbacea,Sesbania herbacea,not cultivated,,TRUE
Sesbania punicea,Sesbania punicea,ornamental,,TRUE
Sesbania rostrata,Sesbania rostrata,multiple,,TRUE
Sesbania senegal,Sesbania senegal,not cultivated,,FALSE
Sesbania sericea,Sesbania sericea,not cultivated,,TRUE
Sesbania aegyptiaca,Sesbania sesban,rangeland/pastureland,,TRUE
Sesbania sesban,Sesbania sesban,rangeland/pastureland,,TRUE
Sesbania sp,Sesbania sp,,,FALSE
Sesbania sp.,Sesbania sp.,,,FALSE
Sesbania virgata,Sesbania virgata,not cultivated,,TRUE
Sophora alopecuriodes,Sophora alopecuriodes,medicinal,,FALSE
Sophora alopecuroides,Sophora alopecuroides,medicinal,,TRUE
Sophora chathamica,Sophora chathamica,not cultivated,,TRUE
Sophora viciifolia,Sophora davidii,ornamental,,TRUE
Sophora microphylla,Sophora microphylla,not cultivated,,TRUE
Sophora tetraptera,Sophora tetraptera,not cultivated,,TRUE
Sophora tomentosa,Sophora tomentosa,ornamental,,TRUE
Genista saharae,Spartidium saharae,not cultivated,,TRUE
Spartium junceum,Spartium junceum,ornamental,,TRUE
Spartocytisus supranubius,Spartocytisus supranubius,not cultivated,,TRUE
Sphaerophysa salsula,Sphaerophysa salsula,not cultivated,,TRUE
Swainsona salsula,Sphaerophysa salsula,not cultivated,,TRUE
Swainsonia salsula,Sphaerophysa salsula,,,TRUE
Spirotropis longifolia,Spirotropis longifolia,not cultivated,,TRUE
Stylosanthes  viscosa,Stylosanthes viscosa,not cultivated,,TRUE
Stylosanthes viscosab,Stylosanthes viscosa,,,TRUE
Swainsona calcicola,Swainsona calcicola,,,TRUE
Swainsona formosa,Swainsona formosa,not cultivated,,TRUE
Swainsona leeana,Swainsona leeana,not cultivated,,TRUE
Swainsona pterostylis,Swainsona pterostylis,not cultivated,,TRUE
Swainsona sp,Swainsona sp,,,FALSE
Tachigali versicolor,Tachigali versicolor,agroforestry,,TRUE
Tephrosia bracteolata,Tephrosia bracteolata,not cultivated,,TRUE
Tephrosia garderi,Tephrosia garderi,not cultivated,,FALSE
Tephrosia leptoclada,Tephrosia leptoclada,not cultivated,,TRUE
Tephrosia purpea,Tephrosia purpurea,row crop,,TRUE
Tephrosia purpurea,Tephrosia purpurea,,,TRUE
Tephrosia remotiflora,Tephrosia remotiflora,not cultivated,,TRUE
Tephrosia sp,Tephrosia sp,,,FALSE
Tephrosia sp.,Tephrosia sp.,,,FALSE
Tephrosia villosa,Tephrosia villosa,not cultivated,,TRUE
Tephrosia virginiana,Tephrosia virginiana,,,TRUE
Tetrapleura tetraptera,Tetrapleura tetraptera,agroforestry,,TRUE
Thermopsis lanceolata,Thermopsis lanceolata,not cultivated,,TRUE
Thermopsis lupinoides,Thermopsis lupinoides,ornamental,,TRUE
Gueldenstaedtia himalaica,Tibetia himalaica,not cultivated,,TRUE
Trifolium arvense,Trifolium arvense,rangeland/pastureland,,TRUE
Trifolium campestre,Trifolium campestre,rangeland/pastureland,,TRUE
Trifolium dubium,Trifolium dubium,not cultivated,,TRUE
Trifolium fragiferum,Trifolium fragiferum,row crop,,TRUE
Trifolium hybridum,Trifolium hybridum,multiple,,TRUE
Trifolium pratense,Trifolium pratense,multiple,,TRUE
Trifolium repens,Trifolium repens,rangeland/pastureland,,TRUE
Trifolium resupinatum,Trifolium resupinatum,rangeland/pastureland,,TRUE
Trifolium subterraneum,Trifolium subterraneum,rangeland/pastureland,,TRUE
Trigonella foenum-graecum,Trigonella foenum-graecum,row crop,,TRUE
Trigonella maritima,Trigonella maritima,not cultivated,,TRUE
Trigonella suavissima,Trigonella suavissima,row crop,,TRUE
Ulex europaeus,Ulex europaeus,multiple,,TRUE
Ulex europeaus,Ulex europeaus,,,FALSE
Hedysarum crinita,Uraria crinita,multiple,,TRUE
Uraria lagopoides,Uraria lagopodoides,not cultivated,,TRUE
Uraria lagopodoides,Uraria lagopodoides,,,TRUE
Vicia amoena,Vicia amoena,not cultivated,,TRUE
Vicia bungei,Vicia bungei,not cultivated,,TRUE
Vicia cracca,Vicia cracca,rangeland/pastureland,,TRUE
Vicia faba,Vicia faba,row crop,,TRUE
Vicia hirsuta,Vicia hirsuta,row crop,,TRUE
Vicia lathyroides,Vicia lathyroides,not cultivated,,TRUE
Vicia angustifolia,Vicia sativa,rangeland/pastureland,,TRUE
Vicia sativa,Vicia sativa,rangeland/pastureland,,TRUE
Vicia sepium,Vicia sepium,rangeland/pastureland,,TRUE
Vicia spp,Vicia spp,,,FALSE
Vicia tetrasperma,Vicia tetrasperma,not cultivated,,TRUE
Vicia tibetica,Vicia tibetica,not cultivated,,TRUE
Vicia villosa,Vicia villosa,multiple,,TRUE
Vigna lanceolata,Vigna lanceolata,row crop,,TRUE
Vigna mungo,Vigna mungo,,,TRUE
Vigna radiata,Vigna radiata,row crop,,TRUE
Vigna trilobata,Vigna trilobata,rangeland/pastureland,,TRUE
Vigna unguiculata,Vigna unguiculata,row crop,,TRUE
Virgilia oroboides,Virgilia oroboides,ornamental,,TRUE
Wallaceodendron celebicum,Wallaceodendron celebicum,multiple,,TRUE
Wisteria floribunda,Wisteria floribunda,ornamental,,TRUE
Wisteria sinensis,Wisteria sinensis,ornamental,,TRUE
Xylia xylocarpa,Xylia xylocarpa,not cultivated,,TRUE
Zornia glochidiata,Zornia glochidiata,rangeland/pastureland,,TRUE
Zygophyllum dumosum,Zygophyllum dumosum,not cultivated,,TRUE
