paper_id,author,year,journal,clean_name,sample_country,paper_plant_status,global_plant_status,Figure 2,Figure 3,Figure 4,Figure 5
182,Monza et al,1992,Soil Biology and Biochemistry,Lotus corniculatus,Uruguay,nonnative,nonnative,1,,,
44,Bottomley et al,1994,Applied and Environmental Microbiology,Lupinus angustifolius,United_States,nonnative,nonnative,1,,,
44,Bottomley et al,1994,Applied and Environmental Microbiology,Macroptilium atropurpureum,United_States,nonnative,nonnative,1,,,
44,Bottomley et al,1994,Applied and Environmental Microbiology,Ornithopus compressus,United_States,nonnative,nonnative,1,,,
76,de Lajudie,1994,International Journal of Systematic Bacteriology,Acacia horrida,Senegal,native,native,1,,,
76,de Lajudie,1994,International Journal of Systematic Bacteriology,Acacia laeta,Senegal,native,nonnative,1,,,
76,de Lajudie,1994,International Journal of Systematic Bacteriology,Acacia senegal,Senegal,native,nonnative,1,,,
76,de Lajudie,1994,International Journal of Systematic Bacteriology,Acacia seyal,Senegal,NA,NA,1,,,
76,de Lajudie,1994,International Journal of Systematic Bacteriology,Acacia tortilis,Senegal,native,nonnative,1,,,
76,de Lajudie,1994,International Journal of Systematic Bacteriology,Sesbania rostrata,Senegal,native,nonnative,1,,1,
76,de Lajudie,1994,International Journal of Systematic Bacteriology,Sesbania senegal,Senegal,NA,NA,1,,,
90,Dupuy et al,1994,International Journal of Systematic Bacteriology,Faidherbia albida,Senegal,native,nonnative,1,,,
61,Chen et al,1995,International Journal of Systematic Bacteriology,Caragana polourensis,China,native,native,1,,,
61,Chen et al,1995,International Journal of Systematic Bacteriology,Glycyrrhiza pallidiflora,China,native,nonnative,1,,,
61,Chen et al,1995,International Journal of Systematic Bacteriology,Glycyrrhiza uralensis,China,native,native,1,,,
61,Chen et al,1995,International Journal of Systematic Bacteriology,Halimodendron halodendron,China,native,nonnative,1,,,
61,Chen et al,1995,International Journal of Systematic Bacteriology,Sophora alopecuroides,China,native,nonnative,1,,,
61,Chen et al,1995,International Journal of Systematic Bacteriology,Sphaerophysa salsula,China,native,nonnative,1,,,
89,Drouin et al,1996,International Journal of Systematic Bacteriology,Lathyrus japonicus,Canada,native,nonnative,1,,,
89,Drouin et al,1996,International Journal of Systematic Bacteriology,Lathyrus pratensis,Canada,nonnative,nonnative,1,,1,
223,Rome et al,1996,Archives of Microbiology,Medicago truncatula,France,native,nonnative,1,,,
255,Sullivan et al,1996,Applied and Environmental Microbiology,Lotus corniculatus,New_Zealand,nonnative,nonnative,1,,1,
144,Laguerre et al,1997,Applied and Environmental Microbiology,Astragalus alpinus,Canada,native,native,1,,,
144,Laguerre et al,1997,Applied and Environmental Microbiology,Astragalus cicer,Canada,nonnative,nonnative,1,,1,
144,Laguerre et al,1997,Applied and Environmental Microbiology,Oxytropis deflexa,United_States,native,native,1,,,
144,Laguerre et al,1997,Applied and Environmental Microbiology,Oxytropis maydelliana,Canada,native,native,1,,,
144,Laguerre et al,1997,Applied and Environmental Microbiology,Oxytropis riparia,United_States,nonnative,nonnative,1,,,
77,de Lajudie,1998,International Journal of Systematic Bacteriology,Acacia senegal,Senegal,native,nonnative,1,,,1
77,de Lajudie,1998,International Journal of Systematic Bacteriology,Acacia tortilis,Senegal,native,nonnative,1,,,1
77,de Lajudie,1998,International Journal of Systematic Bacteriology,Prosopis juliflora,Senegal,nonnative,nonnative,1,,,1
199,Prin et al,1998,Biological Nitrogen Fixation for the 21st Century,Acacia mangium,Australia,native,nonnative,1,,,
263,Vineusa et al,1998,Applied and Environmental Microbiology,Cytisus proliferus,Canary_Islands,native,nonnative,1,,,
265,Wang et al,1998,International Journal of Systematic Bacteriology,Sesbania herbacea,Mexico,native,nonnative,1,,,
78,de Lajudie,1999,Systematic and Applied Microbiology,Prosopis juliflora,Senegal,nonnative,nonnative,1,,,
173,Marsudi et al,1999,Soil Biology and Biochemistry,Acacia saligna,Australia,native,nonnative,1,,1,
176,McInroy et al,1999,FEMS Microbiology Letters,Faidherbia albida,Kenya,native,nonnative,1,,,
256,Nick et al,1999,International Journal of Systematic Bacteriology,Acacia senegal,Sudan,native,nonnative,1,,,1
256,Nick et al,1999,International Journal of Systematic Bacteriology,Prosopis chilensis,Sudan,nonnative,nonnative,1,,,1
256,Nick et al,1999,International Journal of Systematic Bacteriology,Prosopis chilensis,Kenya,nonnative,nonnative,1,,,
226,Samba et al,1999,Symbiosis,Crotalaria comosa,Senegal,native,native,1,,,
226,Samba et al,1999,Symbiosis,Crotalaria glaucoides,Senegal,native,native,1,,,
226,Samba et al,1999,Symbiosis,Crotalaria goreensis,Senegal,native,nonnative,1,,,
226,Samba et al,1999,Symbiosis,Crotalaria hyssopifolia,Senegal,native,native,1,,,
226,Samba et al,1999,Symbiosis,Crotalaria lathyroides,Senegal,native,native,1,,,
226,Samba et al,1999,Symbiosis,Crotalaria perrottetii,Senegal,native,native,1,,,
226,Samba et al,1999,Symbiosis,Crotalaria podocarpa,Senegal,native,native,1,,,
226,Samba et al,1999,Symbiosis,Crotalaria retusa,Senegal,native,nonnative,1,,,
241,Sterner and Parker,1999,Systematic and Applied Microbiology,Amphicarpaea bracteata,United_States,native,native,1,,,
257,Tan et al,1999,International Journal of Systematic Bacteriology,Amorpha fruticosa,China,nonnative,nonnative,1,,,
257,Tan et al,1999,International Journal of Systematic Bacteriology,Amphicarpaea bracteata,China,native,native,1,,,
257,Tan et al,1999,International Journal of Systematic Bacteriology,Gueldenstaedtia multiflora,China,native,native,1,,,
257,Tan et al,1999,International Journal of Systematic Bacteriology,Securigera varia,China,nonnative,nonnative,1,,,
266,Wang et al,1999,International Journal of Systematic Bacteriology,Amorpha fruticosa,China,nonnative,nonnative,1,,,
271,Wang et al,1999,International Journal of Systematic Bacteriology,Mimosa affinis,Mexico,native,native,1,,,
268,Wang et al,1999,Microbial Ecology,Leucaena leucocephala,Mexico,nonnative,nonnative,1,,1,
87,Doignon-Bourcier et al,2000,Applied and Environmental Microbiology,Abrus pulchellus,Senegal,native,nonnative,1,,,
87,Doignon-Bourcier et al,2000,Applied and Environmental Microbiology,Alysicarpus glumaceus,Senegal,native,native,1,,,
87,Doignon-Bourcier et al,2000,Applied and Environmental Microbiology,Alysicarpus ovalifolius,Senegal,native,nonnative,1,,,
87,Doignon-Bourcier et al,2000,Applied and Environmental Microbiology,Alysicarpus rugosus,Senegal,native,nonnative,1,,,
87,Doignon-Bourcier et al,2000,Applied and Environmental Microbiology,Bryaspis lupulina,Senegal,native,native,1,,,
87,Doignon-Bourcier et al,2000,Applied and Environmental Microbiology,Crotalaria glaucoides,Senegal,native,native,1,,,
87,Doignon-Bourcier et al,2000,Applied and Environmental Microbiology,Crotalaria goreensis,Senegal,native,nonnative,1,,,
87,Doignon-Bourcier et al,2000,Applied and Environmental Microbiology,Crotalaria hyssopifolia,Senegal,native,native,1,,,
87,Doignon-Bourcier et al,2000,Applied and Environmental Microbiology,Crotalaria lathyroides,Senegal,native,native,1,,,
87,Doignon-Bourcier et al,2000,Applied and Environmental Microbiology,Crotalaria retusa,Senegal,native,nonnative,1,,,
87,Doignon-Bourcier et al,2000,Applied and Environmental Microbiology,Eriosema glomeratum,Senegal,native,native,1,,,
87,Doignon-Bourcier et al,2000,Applied and Environmental Microbiology,Flemingia faginea,Senegal,native,native,1,,,
87,Doignon-Bourcier et al,2000,Applied and Environmental Microbiology,Indigofera astragalina,Senegal,native,native,1,,,
87,Doignon-Bourcier et al,2000,Applied and Environmental Microbiology,Indigofera hirsuta,Senegal,native,nonnative,1,,,
87,Doignon-Bourcier et al,2000,Applied and Environmental Microbiology,Indigofera microcarpa,Senegal,native,native,1,,,
87,Doignon-Bourcier et al,2000,Applied and Environmental Microbiology,Indigofera senegalensis,Senegal,native,native,1,,,
87,Doignon-Bourcier et al,2000,Applied and Environmental Microbiology,Indigofera stenophylla,Senegal,native,native,1,,,
87,Doignon-Bourcier et al,2000,Applied and Environmental Microbiology,Indigofera tinctoria,Senegal,native,nonnative,1,,,
87,Doignon-Bourcier et al,2000,Applied and Environmental Microbiology,Rhynchosia minima,Senegal,native,nonnative,1,,,
87,Doignon-Bourcier et al,2000,Applied and Environmental Microbiology,Senna insularis,Senegal,native,nonnative,1,,,
87,Doignon-Bourcier et al,2000,Applied and Environmental Microbiology,Sesbania rostrata,Senegal,native,nonnative,1,,,
87,Doignon-Bourcier et al,2000,Applied and Environmental Microbiology,Tephrosia bracteolata,Senegal,native,native,1,,,
87,Doignon-Bourcier et al,2000,Applied and Environmental Microbiology,Tephrosia villosa,Senegal,native,nonnative,1,,,
87,Doignon-Bourcier et al,2000,Applied and Environmental Microbiology,Zornia glochidiata,Senegal,native,native,1,,,
124,Jarabo-Lorenzo et al,2000,Systematic and Applied Microbiology,Adenocarpus foliolosus,Canary_Islands,native,native,1,,,
124,Jarabo-Lorenzo et al,2000,Systematic and Applied Microbiology,Cytisus proliferus,Canary_Islands,native,nonnative,1,,,
192,Parker,2000,Systematic and Applied Microbiology,Tachigali versicolor,Panama,native,native,1,,,
295,Willems et al,2000,Systematic and Applied Microbiology,Aeschynomene afraspera,Senegal,native,native,1,,,
295,Willems et al,2000,Systematic and Applied Microbiology,Aeschynomene americana,Senegal,nonnative,nonnative,1,,,
295,Willems et al,2000,Systematic and Applied Microbiology,Aeschynomene elaphroxylon,Senegal,native,nonnative,1,,,
295,Willems et al,2000,Systematic and Applied Microbiology,Aeschynomene indica,Senegal,native,nonnative,1,,,
295,Willems et al,2000,Systematic and Applied Microbiology,Aeschynomene sensitiva,Senegal,native,native,1,,,
62,Chen et al,2001,International Journal of Systematic and Evolutionary Microbiology,Mimosa diplotricha,Taiwan,nonnative,nonnative,1,,,
62,Chen et al,2001,International Journal of Systematic and Evolutionary Microbiology,Mimosa pudica,Taiwan,nonnative,nonnative,1,,1,
99,Frioni et al,2001,Applied Soil Ecology,Acacia caven,Uruguay,NA,NA,1,,,
99,Frioni et al,2001,Applied Soil Ecology,Enterolobium contortisiliquum,Uruguay,NA,NA,1,,,
99,Frioni et al,2001,Applied Soil Ecology,Erythrina crista-galli,Uruguay,NA,NA,1,,,
99,Frioni et al,2001,Applied Soil Ecology,Inga uraguensis,Uruguay,NA,NA,1,,,
99,Frioni et al,2001,Applied Soil Ecology,Lonchocarpus nitidus,Uruguay,NA,NA,1,,,
99,Frioni et al,2001,Applied Soil Ecology,Peltophorum dubium,Uruguay,NA,NA,1,,,
99,Frioni et al,2001,Applied Soil Ecology,Prosopis nigra,Uruguay,NA,NA,1,,,
99,Frioni et al,2001,Applied Soil Ecology,Sesbania virgata,Uruguay,NA,NA,1,,,
137,Lafay and Burdon,2001,Applied and Environmental Microbiology,Acacia cangaiensis,Australia,native,native,1,,,
137,Lafay and Burdon,2001,Applied and Environmental Microbiology,Acacia dealbata,Australia,native,nonnative,1,,,
137,Lafay and Burdon,2001,Applied and Environmental Microbiology,Acacia glaucocarpa,Australia,native,native,1,,,
137,Lafay and Burdon,2001,Applied and Environmental Microbiology,Acacia implexa,Australia,native,nonnative,1,,,
137,Lafay and Burdon,2001,Applied and Environmental Microbiology,Acacia irrorata,Australia,native,native,1,,,
137,Lafay and Burdon,2001,Applied and Environmental Microbiology,Acacia mearnsii,Australia,native,nonnative,1,,,
137,Lafay and Burdon,2001,Applied and Environmental Microbiology,Acacia melanoxylon,Australia,native,nonnative,1,,,
225,Sajnaga et al,2001,Antonie van Leeuwenhoek,Cytisus scoparius,Poland,native,nonnative,1,,,
246,Tan et al,2001,International Journal of Systematic and Evolutionary Microbiology,Amphicarpaea bracteata,China,native,native,1,,,
246,Tan et al,2001,International Journal of Systematic and Evolutionary Microbiology,Securigera varia,China,nonnative,nonnative,1,,,
249,Terefework et al,2001,Journal of Biotechnology,Galega officinalis,New_Zealand,nonnative,nonnative,1,,1,
249,Terefework et al,2001,Journal of Biotechnology,Galega officinalis,UK,nonnative,nonnative,1,,1,
249,Terefework et al,2001,Journal of Biotechnology,Galega orientalis,Finland,nonnative,nonnative,1,,,
249,Terefework et al,2001,Journal of Biotechnology,Galega orientalis,Russia,nonnative,nonnative,1,,,
3,Acosta-Duran and Martinez-Romero,2002,Archives of Microbiology,Gliricidia sepium,Mexico,native,nonnative,1,,,
123,Jaftha et al,2002,Systematic and Applied Microbiology,Lotononis bainesii,South_Africa,native,nonnative,1,,,
181,Montecchia et al,2002,Systematic and Applied Microbiology,Aeschynomene rudis,Argentina,native,nonnative,1,,,
260,Parker,2002,Applied and Environmental Microbiology,Desmodium grahamii,Mexico,native,native,1,,,
260,Parker,2002,Applied and Environmental Microbiology,Desmodium retinens,Mexico,native,native,1,,,
260,Parker,2002,Applied and Environmental Microbiology,Macroptilium gibbosifolium,Mexico,native,nonnative,1,,,
260,Parker,2002,Applied and Environmental Microbiology,Phaseolus parvulus,Mexico,native,native,1,,,
260,Parker,2002,Applied and Environmental Microbiology,Phaseolus pauciflorus,Mexico,native,native,1,,,
260,Parker,2002,Applied and Environmental Microbiology,Phaseolus pedicellatus,Mexico,native,native,1,,,
201,Qian and Parker,2002,Systematic and Applied Microbiology,Lotus oroboides,Mexico,native,native,1,,,
200,Quatrini et al,2002,Journal of Applied Microbiology,Spartium junceum,Italy,native,nonnative,1,,,
245,Sylla et al,2002,Systematic and Applied Microbiology,Pterocarpus erinaceus,Senegal,native,native,1,,,
245,Sylla et al,2002,Systematic and Applied Microbiology,Pterocarpus lucens,Senegal,native,native,1,,,
273,Wang et al,2002,Archives of Microbiology,Amorpha fruticosa,United_States,nonnative,nonnative,1,,,
279,Wei et al,2002,International Journal of Systematic and Evolutionary Microbiology,Indigofera amblyantha,China,native,native,1,,,
279,Wei et al,2002,International Journal of Systematic and Evolutionary Microbiology,Indigofera carlesi,China,native,native,1,,,
279,Wei et al,2002,International Journal of Systematic and Evolutionary Microbiology,Indigofera potaninii,China,native,native,1,,,
279,Wei et al,2002,International Journal of Systematic and Evolutionary Microbiology,Kummerowia stipulacea,China,native,nonnative,1,,,
298,Yao et al,2002,International Journal of Systematic and Evolutionary Microbiology,Kummerowia striata,United_States,nonnative,nonnative,1,,1,
298,Yao et al,2002,International Journal of Systematic and Evolutionary Microbiology,Lespedeza bicolor,China,native,nonnative,1,,,
298,Yao et al,2002,International Journal of Systematic and Evolutionary Microbiology,Lespedeza davurica,China,native,nonnative,1,,,
298,Yao et al,2002,International Journal of Systematic and Evolutionary Microbiology,Lespedeza inschanica,China,native,native,1,,,
298,Yao et al,2002,International Journal of Systematic and Evolutionary Microbiology,Lespedeza juncea,China,native,nonnative,1,,,
21,Andronov et al,2003,Applied and Environmental Microbiology,Galega officinalis,Russia,native,nonnative,1,,1,
21,Andronov et al,2003,Applied and Environmental Microbiology,Galega orientalis,Russia,nonnative,nonnative,1,,,
125,Jarabo-Lorenzo et al,2003,Systematic and Applied Microbiology,Cytisus proliferus,Canary_Islands,native,nonnative,1,,,
125,Jarabo-Lorenzo et al,2003,Systematic and Applied Microbiology,Lupinus angustifolius,Spain,native,nonnative,1,,1,
125,Jarabo-Lorenzo et al,2003,Systematic and Applied Microbiology,Lupinus angustifolius,United_States,nonnative,nonnative,1,,1,
125,Jarabo-Lorenzo et al,2003,Systematic and Applied Microbiology,Lupinus angustifolius,Canary_Islands,nonnative,nonnative,1,,1,
188,Ogasawara et al,2003,Symbiosis,Abrus precatorius,India,native,nonnative,1,,,
188,Ogasawara et al,2003,Symbiosis,Sesbania rostrata,India,nonnative,nonnative,1,,1,
193,Parker,2003,Plant and Soil,Desmodium axillare,Panama,native,native,1,,,
193,Parker,2003,Plant and Soil,Desmodium axillare,Costa_Rica,native,native,1,,,
252,Toledo et al,2003,Systematic and Applied Microbiology,Acacia cochliacantha,Mexico,native,native,1,,,
252,Toledo et al,2003,Systematic and Applied Microbiology,Acacia farnesiana,Mexico,native,nonnative,1,,,
252,Toledo et al,2003,Systematic and Applied Microbiology,Acacia macilenta,Mexico,native,native,1,,,
280,Wang et al,2003,Archives of Microbiology,Leucaena leucocephala,Mexico,native,nonnative,1,,1,
280,Wang et al,2003,Archives of Microbiology,Sesbania herbacea,Mexico,native,nonnative,1,,,
278,Wei et al,2003,International Journal of Systematic and Evolutionary Microbiology,Astragalus adsurgens,China,native,native,1,,,
278,Wei et al,2003,International Journal of Systematic and Evolutionary Microbiology,Astragalus complanatus,China,native,native,1,,,
278,Wei et al,2003,International Journal of Systematic and Evolutionary Microbiology,Lespedeza cyrtobotrya,China,native,native,1,,,
288,Zahran et al,2003,Folia Microbiology,Acacia nilotica,Egypt,native,nonnative,1,,,
288,Zahran et al,2003,Folia Microbiology,Melilotus indicus,Egypt,native,nonnative,1,,,
288,Zahran et al,2003,Folia Microbiology,Trifolium resupinatum,Egypt,native,nonnative,1,,,
103,Gao et al,2004,Interantional Journal of Systematic and Evolutionary Microbiology,Astragalus adsurgens,China,native,native,1,,,
127,Kalita and Malek,2004,Systematic and Applied Microbiology,Genista tinctoria,England,native,nonnative,1,,,
127,Kalita and Malek,2004,Systematic and Applied Microbiology,Genista tinctoria,Ukraine,native,nonnative,1,,,
127,Kalita and Malek,2004,Systematic and Applied Microbiology,Genista tinctoria,Poland,native,nonnative,1,,,
185,Mutch and Young,2004,Molecular Ecology,Lathyrus aphaca,England,NA,NA,1,,,
185,Mutch and Young,2004,Molecular Ecology,Lathyrus nissolia,England,NA,NA,1,,,
185,Mutch and Young,2004,Molecular Ecology,Lathyrus pratensis,England,NA,NA,1,,1,
185,Mutch and Young,2004,Molecular Ecology,Vicia cracca,England,NA,NA,1,,,
185,Mutch and Young,2004,Molecular Ecology,Vicia sativa,England,NA,NA,1,,,
194,Parker,2004,Systematic and Applied Microbiology,Platymiscium pinnatum,Costa_Rica,native,nonnative,1,,,
196,Parker et al,2004,Journal of Biogeography,Amphicarpaea bracteata,United_States,native,native,1,,,
196,Parker et al,2004,Journal of Biogeography,Amphicarpaea bracteata,Japan,native,native,1,,,
289,Weir et al,2004,Applied and Environmental Microbiology,Carmichaelia australis,New_Zealand,native,NA,1,,,
289,Weir et al,2004,Applied and Environmental Microbiology,Clianthus puniceus,New_Zealand,native,NA,1,,,
289,Weir et al,2004,Applied and Environmental Microbiology,Cytisus scoparius,New_Zealand,nonnative,nonnative,1,,1,
289,Weir et al,2004,Applied and Environmental Microbiology,Sophora microphylla,New_Zealand,native,NA,1,,,
289,Weir et al,2004,Applied and Environmental Microbiology,Ulex europaeus,New_Zealand,nonnative,NA,1,,,
290,Yates et al,2004,Soil Biology and Biochemistry,Lotus cruentus,Australia,NA,NA,1,,,
290,Yates et al,2004,Soil Biology and Biochemistry,Swainsona leeana,Australia,native,native,1,,,
300,Zakhia et al,2004,Systematic and Applied Microbiology,Anthyllis henoniana,Tunisia,native,native,1,,,
300,Zakhia et al,2004,Systematic and Applied Microbiology,Argyrolobium uniflorum,Tunisia,native,native,1,,,
300,Zakhia et al,2004,Systematic and Applied Microbiology,Lotus creticus,Tunisia,native,nonnative,1,,,
300,Zakhia et al,2004,Systematic and Applied Microbiology,Medicago marina,Tunisia,native,native,1,,,
294,Zribi et al,2004,Soil Biology and Biochemistry,Medicago truncatula,Tunisia,native,nonnative,1,,,
299,Zurdo-Pineiro,2004,Systematic and Applied Microbiology,Piptadenia flava,Puerto_Rico,native,native,1,,,
299,Zurdo-Pineiro,2004,Systematic and Applied Microbiology,Sesbania sesban,Puerto_Rico,nonnative,nonnative,1,,,
35,Barrett and Parker,2005,Systematic and Applied Microbiology,Abarema macradenia,Panama,native,native,1,,,
35,Barrett and Parker,2005,Systematic and Applied Microbiology,Mimosa casta,Panama,native,nonnative,1,,,
35,Barrett and Parker,2005,Systematic and Applied Microbiology,Mimosa pigra,Panama,native,nonnative,1,,,
35,Barrett and Parker,2005,Systematic and Applied Microbiology,Mimosa pudica,Panama,native,nonnative,1,,,
49,Chen et al,2005,Applied and Environmental Microbiology,Mimosa pudica,Brazil-Venezuela,native,nonnative,1,,1,
63,Chen et al,2005,New Phytologists,Mimosa pigra,Taiwan,nonnative,nonnative,1,,,
121,Hung et al,2005,Pedobiologia,Alysicarpus vaginalis,Taiwan,native,nonnative,1,,,
121,Hung et al,2005,Pedobiologia,Christia obcordata,Taiwan,native,nonnative,1,,,
121,Hung et al,2005,Pedobiologia,Indigofera hirsuta,Taiwan,native,nonnative,1,,,
121,Hung et al,2005,Pedobiologia,Ohwia caudata,Taiwan,native,native,1,,,
158,Liu et al,2005,Systematic and Applied Microbiology,Amorpha fruticosa,China,nonnative,nonnative,1,,,1
158,Liu et al,2005,Systematic and Applied Microbiology,Cercis racemosa,China,native,native,1,,,1
158,Liu et al,2005,Systematic and Applied Microbiology,Wisteria sinensis,China,native,nonnative,1,,,1
207,Rasolomampiania et al,2005,Molecular Ecology,Dalbergia baronii,Madagascar,native,nonnative,1,,,
207,Rasolomampiania et al,2005,Molecular Ecology,Dalbergia chapelieri,Madagascar,native,native,1,,,
207,Rasolomampiania et al,2005,Molecular Ecology,Dalbergia louvelii,Madagascar,native,native,1,,,
207,Rasolomampiania et al,2005,Molecular Ecology,Dalbergia madagascariensis,Madagascar,native,native,1,,,
207,Rasolomampiania et al,2005,Molecular Ecology,Dalbergia monticola,Madagascar,native,native,1,,,
207,Rasolomampiania et al,2005,Molecular Ecology,Dalbergia purpurascens,Madagascar,native,native,1,,,
221,Romdhane et al,2005,Annals of Microbiology,Acacia tortilis,Tunisia,native,nonnative,1,,,
228,Sarr et al,2005,Microbial Ecology,Acacia senegal,Mauritania,native,nonnative,1,,,
228,Sarr et al,2005,Microbial Ecology,Acacia senegal,Senegal,native,nonnative,1,,,
274,Wdowiak-Wrobel and Malek,2005,Journal of General and Applied Microbiology,Astragalus cicer,Canada,nonnative,nonnative,1,,1,
274,Wdowiak-Wrobel and Malek,2005,Journal of General and Applied Microbiology,Astragalus cicer,Poland,native,nonnative,1,,1,
36,Barrett and Parker,2006,Applied and Environmental Microbiology,Mimosa pigra,Costa_Rica,native,nonnative,1,,,
36,Barrett and Parker,2006,Applied and Environmental Microbiology,Mimosa pudica,Costa_Rica,native,nonnative,1,,,
41,Beyhaut et al,2006,Canadian Journal of Microbiology,Desmanthus illinoensis,United_States,native,native,1,,,
50,Chen et al,2006,International Journal of Systematic and Evolutionary Microbiology,Mimosa pudica,Brazil-Venezuela,native,nonnative,,1,1,
50,Chen et al,2006,International Journal of Systematic and Evolutionary Microbiology,Mimosa pudica,Taiwan,nonnative,nonnative,,1,1,
138,Lafay and Burdon,2006,Journal of Applied Microbiology,Cytisus scoparius,Australia,nonnative,nonnative,,,,1
183,Moreira et al,2006,Systematic and Applied Microbiology,Sesbania virgata,Brazil,native,nonnative,1,,,
195,Parker and Kennedy,2006,Canadian Journal of Microbiology,Amphicarpaea bracteata,United_States,native,native,1,,,
195,Parker and Kennedy,2006,Canadian Journal of Microbiology,Baptisia tinctoria,United_States,native,native,1,,,
195,Parker and Kennedy,2006,Canadian Journal of Microbiology,Chamaecrista fasciculata,United_States,native,nonnative,1,,,
195,Parker and Kennedy,2006,Canadian Journal of Microbiology,Desmodium canadense,United_States,native,native,1,,,
195,Parker and Kennedy,2006,Canadian Journal of Microbiology,Desmodium glutinosum,United_States,native,native,1,,,
195,Parker and Kennedy,2006,Canadian Journal of Microbiology,Desmodium paniculatum,United_States,native,native,1,,,
195,Parker and Kennedy,2006,Canadian Journal of Microbiology,Desmodium rotundifolium,United_States,native,native,1,,,
195,Parker and Kennedy,2006,Canadian Journal of Microbiology,Lespedeza capitata,United_States,native,native,1,,,
195,Parker and Kennedy,2006,Canadian Journal of Microbiology,Lespedeza hirta,United_States,native,native,1,,,
195,Parker and Kennedy,2006,Canadian Journal of Microbiology,Lupinus perennis,United_States,native,nonnative,1,,,
197,Parker et al,2006,Diversity and Distributions,Cytisus scoparius,United_States,nonnative,nonnative,1,,1,
222,Romdhane et al,2006,Journal of Applied Microbiology,Acacia tortilis,Tunisia,native,nonnative,1,,,
264,Villegas et al,2006,Systematic and Applied Microbiology,Medicago laciniata,Tunisia,native,nonnative,1,,1,
264,Villegas et al,2006,Systematic and Applied Microbiology,Medicago laciniata,France,nonnative,nonnative,1,,1,
272,Wang et al,2006,Archives of Microbiology,Conzattia multiflora,Mexico,native,native,1,,,
270,Wang et al,2006,Systematic and Applied Microbiology,Albizia julibrissin,China,native,nonnative,1,,,
270,Wang et al,2006,Systematic and Applied Microbiology,Albizia kalkora,China,native,native,1,,,
270,Wang et al,2006,Systematic and Applied Microbiology,Leucaena leucocephala,China,nonnative,nonnative,1,,1,
301,Zakhia et al,2006,Microbial Ecology,Argyrolobium uniflorum,Tunisia,native,native,1,,,
301,Zakhia et al,2006,Microbial Ecology,Astragalus algerianus,Tunisia,native,native,1,,,
301,Zakhia et al,2006,Microbial Ecology,Lotus argenteus,Tunisia,NA,NA,1,,,
301,Zakhia et al,2006,Microbial Ecology,Ononis natrix,Tunisia,native,nonnative,1,,,
301,Zakhia et al,2006,Microbial Ecology,Retama raetam,Tunisia,native,nonnative,1,,,
16,Andam and Parker,2007,Applied and Environmental Microbiology,Lupinus texensis,United_States,native,nonnative,1,,,
18,Andam et al,2007,Applied and Environmental Microbiology,Mimosa asperata,United_States,native,native,1,,,
29,Badri et al,2007,Canadian Journal of Microbiology,Medicago laciniata,Tunisia,native,nonnative,1,,,
29,Badri et al,2007,Canadian Journal of Microbiology,Medicago truncatula,Tunisia,native,nonnative,1,,,
31,Baimiev et al,2007,Microbiology,Astragalus cicer,Russia,native,nonnative,1,,1,
30,Baimiev et al,2007,Russian Journal of Genetics,Onobrychis arenaria,Hungary,native,native,1,,,
88,Donate-Correa et al,2007,Systematic and Applied Microbiology,Anagyris latifolia,Canary_Islands,native,native,1,,,
108,Gu et al,2007,The Society for Applied Microbiology ,Desmodium elegans,China,native,native,1,,,
108,Gu et al,2007,The Society for Applied Microbiology ,Desmodium heterocarpon,China,native,nonnative,1,,,
108,Gu et al,2007,The Society for Applied Microbiology ,Desmodium microphyllum,China,native,native,1,,,
108,Gu et al,2007,The Society for Applied Microbiology ,Desmodium sequax,China,native,native,1,,,
108,Gu et al,2007,The Society for Applied Microbiology ,Hylodesmum podocarpum,China,native,native,1,,,
122,Iglesias et al,2007,Federation of European Microbiological Societies,Prosopis alba,Spain,nonnative,nonnative,1,,,
128,Kan et al,2007,Archives of Microbiology,Medicago lupulina,China,native,nonnative,1,,,
128,Kan et al,2007,Archives of Microbiology,Oxytropis glabra,China,native,nonnative,1,,,
128,Kan et al,2007,Archives of Microbiology,Oxytropis ochrocephala,China,native,native,1,,,
128,Kan et al,2007,Archives of Microbiology,Vicia sativa,China,native,nonnative,1,,,
128,Kan et al,2007,Archives of Microbiology,Vicia sepium,China,native,nonnative,1,,,
128,Kan et al,2007,Archives of Microbiology,Vicia villosa,China,native,nonnative,1,,,
139,Lafay and Burdon,2007,PLoS ONE,Chamaecrista mimosoides,Australia,native,nonnative,1,,,
139,Lafay and Burdon,2007,PLoS ONE,Indigofera colutea,Australia,native,nonnative,1,,,
139,Lafay and Burdon,2007,PLoS ONE,Indigofera hirsuta,Australia,native,nonnative,1,,,
139,Lafay and Burdon,2007,PLoS ONE,Indigofera linifolia,Australia,native,native,1,,,
139,Lafay and Burdon,2007,PLoS ONE,Neptunia gracilis,Australia,native,native,1,,,
157,Lin et al,2007,Archives of Microbiology,Kummerowia stipulacea,China,native,nonnative,1,,,
157,Lin et al,2007,Archives of Microbiology,Kummerowia striata,China,native,nonnative,1,,1,
159,Liu et al,2007,Archives of Microbiology,Crotalaria pallida,China,native,nonnative,1,,,
159,Liu et al,2007,Archives of Microbiology,Mimosa pudica,China,nonnative,nonnative,1,,,
159,Liu et al,2007,Archives of Microbiology,Trifolium repens,China,nonnative,nonnative,1,,,
163,Lloret et al,2007,Systematic and Applied Microbiology,Acacia angustissima,Mexico,native,nonnative,1,,,
174,Martir et al,2007,Canadian Journal of Microbiology,Dalea purpurea,United_States,native,native,1,,,
259,Parker et al,2007,Biological Invasions,Mimosa pigra,Australia,nonnative,nonnative,1,,,
218,Rodriquez-Echeverria et al,2007,Applied and Environmental Microbiology,Acacia longifolia,Portugal,nonnative,nonnative,1,,1,
238,Stepkowski et al,2007,Applied and Environmental Microbiology,Lupinus campestris,Mexico,native,native,1,,,
262,van Berkum et al,2007,Applied and Environmental Microbiology,Medicago laciniata,Tunisia,native,nonnative,1,,,
262,van Berkum et al,2007,Applied and Environmental Microbiology,Medicago truncatula,Tunisia,native,nonnative,1,,,
269,Wang et al,2007,International Journal of Systematic and Evolutionary Microbiology,Albizia kalkora,China,native,native,1,,,
297,Yan et al,2007,FEMS microbiology Letters,Caragana arborescens,China,native,nonnative,1,,,
297,Yan et al,2007,FEMS microbiology Letters,Caragana korshinskii,China,native,native,1,,,
297,Yan et al,2007,FEMS microbiology Letters,Caragana microphylla,China,native,nonnative,1,,,
297,Yan et al,2007,FEMS microbiology Letters,Caragana sinica,China,native,nonnative,1,,,
293,Zribi et al,2007,Australian Journal of Soil Research,Medicago intertexta,Tunisia,native,nonnative,1,,,
17,Andam and Parker,2008,Journal of Biogeography,Pterocarpus indicus,Philippines,native,nonnative,1,,,
17,Andam and Parker,2008,Journal of Biogeography,Wallaceodendron celebicum,Philippines,native,native,1,,,
39,Benata et al,2008,Systematic and Applied Microbiology,Prosopis juliflora,Morocco,nonnative,nonnative,1,,,
43,Blanco et al,2008,Biology and Fertility of Soils,Sesbania punicea,Uruguay,native,nonnative,1,,,
43,Blanco et al,2008,Biology and Fertility of Soils,Sesbania virgata,Uruguay,native,nonnative,1,,,
83,del Villar et al,2008,FEMS Microbiology Letters,Medicago lupulina,Spain,native,nonnative,1,,,
83,del Villar et al,2008,FEMS Microbiology Letters,Medicago monspeliaca,Spain,native,nonnative,1,,,
83,del Villar et al,2008,FEMS Microbiology Letters,Medicago sphaerocarpa,Spain,native,nonnative,1,,,
83,del Villar et al,2008,FEMS Microbiology Letters,Melilotus indicus,Spain,native,nonnative,1,,,
83,del Villar et al,2008,FEMS Microbiology Letters,Melilotus officinalis,Spain,native,nonnative,1,,,
94,Fall et al,2008,Letters in Applied Microbiology,Acacia senegal,Senegal,native,nonnative,1,,,
109,Guan et al,2008,International Journal of Systematic and Evolutionary Microbiology,Caragana korshinskii,China,native,native,1,,,
114,Han et al,2008,International Journal of Systematic and Evolutionary Microbiology,Astragalus aksuensis,China,native,native,1,,,
115,Han et al,2008,International Journal of Systematic and Evolutionary Microbiology,Astragalus filicaulis,China,native,native,1,,,1
114,Han et al,2008,International Journal of Systematic and Evolutionary Microbiology,Caragana jubata,China,native,native,1,,,
115,Han et al,2008,International Journal of Systematic and Evolutionary Microbiology,Lotus frondosus,China,native,native,1,,,1
114,Han et al,2008,International Journal of Systematic and Evolutionary Microbiology,Lotus tenuis,China,native,nonnative,1,,,
115,Han et al,2008,International Journal of Systematic and Evolutionary Microbiology,Oxytropis glabra,China,native,nonnative,1,,,1
115,Han et al,2008,International Journal of Systematic and Evolutionary Microbiology,Robinia pseudoacacia,China,nonnative,nonnative,1,,,1
113,Han et al,2008,Systematic and Applied Microbiology,Astragalus aksuensis,China,native,native,1,,,1
113,Han et al,2008,Systematic and Applied Microbiology,Astragalus filicaulis,China,native,native,1,,,1
113,Han et al,2008,Systematic and Applied Microbiology,Caragana jubata,China,NA,NA,1,,,
113,Han et al,2008,Systematic and Applied Microbiology,Lathyrus gmelinii,China,native,nonnative,1,,,1
113,Han et al,2008,Systematic and Applied Microbiology,Lathyrus humilis,China,native,native,1,,,1
113,Han et al,2008,Systematic and Applied Microbiology,Lathyrus odoratus,China,nonnative,nonnative,1,,,1
113,Han et al,2008,Systematic and Applied Microbiology,Lotus frondosus,China,native,native,1,,,1
113,Han et al,2008,Systematic and Applied Microbiology,Lotus tenuis,China,native,nonnative,1,,1,1
113,Han et al,2008,Systematic and Applied Microbiology,Oxytropis glabra,China,native,nonnative,1,,,1
113,Han et al,2008,Systematic and Applied Microbiology,Robinia pseudoacacia,China,nonnative,nonnative,1,,,1
113,Han et al,2008,Systematic and Applied Microbiology,Sophora alopecuroides,China,NA,NA,1,,,
113,Han et al,2008,Systematic and Applied Microbiology,Vicia cracca,China,native,nonnative,1,,,1
113,Han et al,2008,Systematic and Applied Microbiology,Vicia sativa,China,native,nonnative,1,,,1
171,Mahdhi et al,2008,Progress in Natural Sceince,Retama raetam,Tunisia,native,nonnative,1,,,
198,Prin et al,2008,Biological Nitrogen Fixation: Towards Poverty Alleviation through Sustainable Agriculture,Amphimas pterocarpoides,Guinea,native,native,1,,,
198,Prin et al,2008,Biological Nitrogen Fixation: Towards Poverty Alleviation through Sustainable Agriculture,Aubrevillea platycarpa,Guinea,native,native,1,,,
198,Prin et al,2008,Biological Nitrogen Fixation: Towards Poverty Alleviation through Sustainable Agriculture,Chidlowia sanguinea,Guinea,native,native,1,,,
198,Prin et al,2008,Biological Nitrogen Fixation: Towards Poverty Alleviation through Sustainable Agriculture,Tetrapleura tetraptera,Guinea,native,native,1,,,
212,Rincon et al,2008,Microbial Ecology,Ononis tridentata,Spain,native,native,1,,,
276,Wei et al,2008,Microbiological Research,Astragalus adsurgens,China,native,native,1,,,
276,Wei et al,2008,Microbiological Research,Astragalus complanatus,China,native,native,1,,,
276,Wei et al,2008,Microbiological Research,Lespedeza cyrtobotrya,China,native,native,1,,,
296,Zhao et al,2008,FEMS microbiology Letters,Astragalus adsurgens,China,native,native,1,,,
296,Zhao et al,2008,FEMS microbiology Letters,Astragalus dahuricus,China,native,native,1,,,
296,Zhao et al,2008,FEMS microbiology Letters,Astragalus melilotoides,China,native,native,1,,,
296,Zhao et al,2008,FEMS microbiology Letters,Astragalus propinquus,China,native,native,1,,,
296,Zhao et al,2008,FEMS microbiology Letters,Astragalus scaberrimus,China,native,native,1,,,
10,Alvarez-Martinez et al,2009,Archives of Microbiology,Vicia sativa,Spain,native,nonnative,1,,,
93,Estrella et al,2009,Applied and Environmental Microbiology,Lotus tenuis,Argentina,nonnative,nonnative,1,,1,
96,Farida et al,2009,Systematic and Applied Microbiology,Retama raetam,Algeria,native,nonnative,1,,,
96,Farida et al,2009,Systematic and Applied Microbiology,Retama sphaerocarpa,Algeria,native,native,1,,,
97,Florentino et al,2009,Sci. Agric.,Leucaena leucocephala,Brazil,nonnative,nonnative,1,,1,1
97,Florentino et al,2009,Sci. Agric.,Macroptilium atropurpureum,Brazil,native,nonnative,1,,,1
97,Florentino et al,2009,Sci. Agric.,Sesbania virgata,Brazil,native,nonnative,1,,,1
104,Garau et al,2009,Soil Biology and Biochemistry,Rhynchosia ferulifolia,South_Africa,native,native,1,,,
112,Gueye et al,2009,Systematic and Applied Microbiology,Zornia glochidiata,Senegal,native,native,1,,,
119,Hou et al,2009,Microbial Ecology,Astragalus tatsienensis,China,native,native,1,,,1
119,Hou et al,2009,Microbial Ecology,Caragana sinica,China,native,nonnative,1,,,1
119,Hou et al,2009,Microbial Ecology,Medicago archiducis-nicolai,China,native,native,1,,,1
119,Hou et al,2009,Microbial Ecology,Medicago falcata,China,native,nonnative,1,,,1
119,Hou et al,2009,Microbial Ecology,Medicago lupulina,China,native,nonnative,1,,,1
119,Hou et al,2009,Microbial Ecology,Melilotus officinalis,China,nonnative,nonnative,1,,,1
119,Hou et al,2009,Microbial Ecology,Oxytropis cachemiriana,China,native,native,1,,,1
119,Hou et al,2009,Microbial Ecology,Oxytropis glabra,China,native,nonnative,1,,,1
119,Hou et al,2009,Microbial Ecology,Oxytropis subpodoloba,China,native,native,1,,,1
119,Hou et al,2009,Microbial Ecology,Tibetia himalaica,China,native,native,1,,,1
119,Hou et al,2009,Microbial Ecology,Vicia tibetica,China,native,native,1,,,1
148,Le Roux et al,2009,Applied and Environmental Microbiology,Acacia auriculiformis,Malaysia,nonnative,nonnative,1,,,
148,Le Roux et al,2009,Applied and Environmental Microbiology,Acacia mangium,French_Guiana,native,nonnative,1,,1,
148,Le Roux et al,2009,Applied and Environmental Microbiology,Acacia mangium,Malaysia,nonnative,nonnative,1,,1,
154,Lima et al,2009,Plant and Soil,Macroptilium atropurpureum,Brazil,native,nonnative,1,,,
156,Lin et al,2009,International Journal of Systematic and Evolutionary Microbiology,Dalbergia hupeana,China,native,native,1,,,
167,Lu et al,2009,Interantional Journal of Systematic and Evolutionary Microbiology,Caragana bicolor,China,native,native,1,,,
170,Lu et al,2009,International Journal of Systematic and Evolutionary Microbiology,Caragana korshinskii,China,native,native,1,,,
168,Lu et al,2009,Systematic and Applied Microbiology,Caragana bicolor,China,native,native,1,,,
168,Lu et al,2009,Systematic and Applied Microbiology,Caragana erinacea,China,native,native,1,,,
168,Lu et al,2009,Systematic and Applied Microbiology,Caragana korshinskii,China,native,native,1,,,
180,Mnasri et al,2009,Systematic and Applied Microbiology,Argyrolobium uniflorum,Tunisia,native,native,1,,,
180,Mnasri et al,2009,Systematic and Applied Microbiology,Medicago laciniata,Tunisia,native,nonnative,1,,1,
180,Mnasri et al,2009,Systematic and Applied Microbiology,Medicago truncatula,Tunisia,native,nonnative,1,,,
187,Nzoue et al,2009,Systematic and Applied Microbiology,Aeschynomene afraspera,Senegal,native,native,1,,,
187,Nzoue et al,2009,Systematic and Applied Microbiology,Aeschynomene elaphroxylon,Senegal,native,nonnative,1,,,
187,Nzoue et al,2009,Systematic and Applied Microbiology,Aeschynomene indica,Senegal,native,nonnative,1,,,
187,Nzoue et al,2009,Systematic and Applied Microbiology,Aeschynomene sensitiva,Senegal,native,native,1,,,
204,Pongslip and Nuntagij,2009,American-Eurasian Journal of Agricultural and Environmentla Science,Derris elliptica,Thailand,native,nonnative,1,,,
204,Pongslip and Nuntagij,2009,American-Eurasian Journal of Agricultural and Environmentla Science,Indigofera tinctoria,Thailand,native,nonnative,1,,,
204,Pongslip and Nuntagij,2009,American-Eurasian Journal of Agricultural and Environmentla Science,Pueraria candollei,Thailand,native,native,1,,,
213,Rincon-Rosales et al,2009,FEMS Microbiology Ecology,Acacia angustissima,Mexico,native,nonnative,1,,,
224,Ruiz-Diez et al,2009,Archives of Microbiology,Retama sphaerocarpa,Spain,native,native,1,,,
261,Vidal et al,2009,International Journal of Systematic and Evolutionary Microbiology,Anthyllis vulneraria,France,native,nonnative,1,,,
277,Wei et al,2009,FEMS Microbial Ecology,Robinia pseudoacacia,China,nonnative,nonnative,,1,,
275,Wei et al,2009,Systematic and Applied Microbiology,Alhagi sparsifolia,China,native,native,1,,,
23,Aoki et al,2010,Systematic and Applied Microbiology,Lathyrus japonicus,Japan,native,nonnative,1,,,
38,Baymiev et al,2010,Microbiology,Caragana arborescens,Russia,native,nonnative,1,,1,
68,Chen et al,2010,International Journal of Systematic and Evolutionary Microbiology,Alhagi sparsifolia,China,native,native,1,,,
143,Kumari et al,2010,Malaysian Journal of Microbiology,Indigofera astragalina,India,native,native,1,,,
143,Kumari et al,2010,Malaysian Journal of Microbiology,Indigofera colutea,India,native,nonnative,1,,,
143,Kumari et al,2010,Malaysian Journal of Microbiology,Indigofera linnaei,India,native,native,1,,,
143,Kumari et al,2010,Malaysian Journal of Microbiology,Indigofera parviflora,India,native,nonnative,1,,,
143,Kumari et al,2010,Malaysian Journal of Microbiology,Indigofera trita,India,native,nonnative,1,,,
164,Lorite et al,2010,Systematic and Applied Microbiology,Lotus arinagensis,Canary_Islands,native,native,1,,,
164,Lorite et al,2010,Systematic and Applied Microbiology,Lotus callis-viridis,Canary_Islands,native,native,1,,,
164,Lorite et al,2010,Systematic and Applied Microbiology,Lotus kunkelii,Canary_Islands,native,native,1,,,
164,Lorite et al,2010,Systematic and Applied Microbiology,Lotus sessilifolius,Canary_Islands,native,native,1,,,
217,Rodriquez-Echeverria,2010,Journal of Biogeography,Acacia longifolia,Portugal,nonnative,nonnative,1,,1,1
217,Rodriquez-Echeverria,2010,Journal of Biogeography,Cytisus grandiflorus,Portugal,native,native,1,,,1
217,Rodriquez-Echeverria,2010,Journal of Biogeography,Cytisus scoparius,Portugal,native,nonnative,1,,1,1
217,Rodriquez-Echeverria,2010,Journal of Biogeography,Ulex europaeus,Portugal,native,nonnative,1,,,1
235,Shiraishi et al,2010,Systematic and Applied Microbiology,Robinia pseudoacacia,Japan,nonnative,nonnative,1,,,
247,Teiceira et al,2010,Brazilian Journal of Microbiology,Calliandra depauperata,Brazil,native,native,1,,,
247,Teiceira et al,2010,Brazilian Journal of Microbiology,Cratylia mollis,Brazil,native,native,1,,,
247,Teiceira et al,2010,Brazilian Journal of Microbiology,Mimosa tenuiflora,Brazil,native,native,1,,,
292,Zhao et al,2010,Systematic and Applied Microbiology,Sophora alopecuroides,China,native,nonnative,1,,,
287,Zhou et al,2010,International Journal of Systematic and Evolutionary Microbiology,Robinia pseudoacacia,China,nonnative,nonnative,1,,,
13,Ampomah and Huss-Danell,2011,Applied and Environmental Microbiology,Thermopsis lupinoides,Russia,native,native,1,,,
12,Ampomah and Huss-Danell,2011,Systematic and Applied Microbiology,Anthyllis vulneraria,Sweden,native,nonnative,1,,,
12,Ampomah and Huss-Danell,2011,Systematic and Applied Microbiology,Lotus corniculatus,Sweden,native,nonnative,1,,1,
48,Callaway et al,2011,Ecology,Robinia pseudoacacia,United_States,native,nonnative,,1,,
48,Callaway et al,2011,Ecology,Robinia pseudoacacia,Czech_Republic-France-Georgia-Hungary-Italy-Romania-Spain,nonnative,nonnative,,1,,
60,Chahboune et al,2011,International Journal of Systematic and Evolutionary Microbiology,Cytisus villosus,Morocco,native,nonnative,1,,,
79,De Meyer et al,2011,Soil Biology and Biochemistry,Cytisus scoparius,Belgium,native,nonnative,1,,1,1
79,De Meyer et al,2011,Soil Biology and Biochemistry,Lathyrus pratensis,Belgium,native,nonnative,1,,1,1
79,De Meyer et al,2011,Soil Biology and Biochemistry,Lotus corniculatus,Belgium,native,nonnative,1,,1,1
79,De Meyer et al,2011,Soil Biology and Biochemistry,Lotus pedunculatus,Belgium,native,nonnative,1,,,1
79,De Meyer et al,2011,Soil Biology and Biochemistry,Lupinus polyphyllus,Belgium,nonnative,nonnative,1,,,1
79,De Meyer et al,2011,Soil Biology and Biochemistry,Medicago lupulina,Belgium,native,nonnative,1,,,1
79,De Meyer et al,2011,Soil Biology and Biochemistry,Melilotus indicus,Belgium,native,nonnative,1,,,1
79,De Meyer et al,2011,Soil Biology and Biochemistry,Melilotus officinalis,Belgium,native,nonnative,1,,,1
79,De Meyer et al,2011,Soil Biology and Biochemistry,Ononis spinosa,Belgium,native,nonnative,1,,,1
79,De Meyer et al,2011,Soil Biology and Biochemistry,Ornithopus perpusillus,Belgium,native,nonnative,1,,,1
79,De Meyer et al,2011,Soil Biology and Biochemistry,Robinia pseudoacacia,Belgium,nonnative,nonnative,1,,,1
79,De Meyer et al,2011,Soil Biology and Biochemistry,Securigera varia,Belgium,nonnative,nonnative,1,,,1
79,De Meyer et al,2011,Soil Biology and Biochemistry,Trifolium arvense,Belgium,native,nonnative,1,,,1
79,De Meyer et al,2011,Soil Biology and Biochemistry,Trifolium campestre,Belgium,native,nonnative,1,,,1
79,De Meyer et al,2011,Soil Biology and Biochemistry,Trifolium dubium,Belgium,native,nonnative,1,,,1
79,De Meyer et al,2011,Soil Biology and Biochemistry,Trifolium hybridum,Belgium,nonnative,nonnative,1,,,1
79,De Meyer et al,2011,Soil Biology and Biochemistry,Trifolium pratense,Belgium,native,nonnative,1,,,1
79,De Meyer et al,2011,Soil Biology and Biochemistry,Trifolium repens,Belgium,native,nonnative,1,,,1
79,De Meyer et al,2011,Soil Biology and Biochemistry,Vicia cracca,Belgium,native,nonnative,1,,,1
79,De Meyer et al,2011,Soil Biology and Biochemistry,Vicia sativa,Belgium,native,nonnative,1,,,1
79,De Meyer et al,2011,Soil Biology and Biochemistry,Vicia sepium,Belgium,native,nonnative,1,,,1
79,De Meyer et al,2011,Soil Biology and Biochemistry,Vicia tetrasperma,Belgium,native,nonnative,1,,,1
84,Deng et al,2011,FEMS Microbioly Ecology,Sphaerophysa salsula,China,native,nonnative,1,,,
85,Djedidi et al,2011,Microbes and Environments,Medicago intertexta,Tunisia,native,nonnative,1,,,
85,Djedidi et al,2011,Microbes and Environments,Medicago minima,Tunisia,native,nonnative,1,,,
85,Djedidi et al,2011,Microbes and Environments,Medicago polymorpha,Tunisia,native,nonnative,1,,,
100,Fterich et al,2011,Archives of Microbiology,Prosopis farcta,Tunisia,native,native,1,,,
118,Hoque et al,2011,International Journal of Systematic and Evolutionary Microbiology,Acacia salicina,Australia,native,nonnative,1,,,
118,Hoque et al,2011,International Journal of Systematic and Evolutionary Microbiology,Acacia stenophylla,Australia,native,nonnative,1,,,
126,Kaiwei et al,2011,,Leucaena leucocephala,China,nonnative,nonnative,1,,1,
160,Lui et al,2011,Interantional Journal of Systematic and Evolutionary Microbiology,Mimosa diplotricha,China,nonnative,nonnative,1,,,
160,Lui et al,2011,Interantional Journal of Systematic and Evolutionary Microbiology,Mimosa pudica,China,nonnative,nonnative,1,,,
189,Ourarhi et al,2011,Archives of Microbiology,Colutea arborescens,Morocco,native,nonnative,1,,,
203,Perrineau et al,2011,Systematic and Applied Microbiology,Acacia mangium,Brazil,nonnative,nonnative,1,,,
219,Rodriguez-Echeverria et al,2011,Diversity and Distributions,Acacia dealbata,Australia,native,nonnative,1,,,
219,Rodriguez-Echeverria et al,2011,Diversity and Distributions,Acacia pycnantha,Australia,native,nonnative,1,,,
219,Rodriguez-Echeverria et al,2011,Diversity and Distributions,Acacia saligna,Australia,native,nonnative,1,,1,
227,Sanchez-Canizares et al,2011,Systematic and Applied Microbiology,Lupinus mariae-josephae,Spain,native,native,1,,,
236,Shiraishi et al,2011,Soil Science and Plant Nutrition,Robinia pseudoacacia,Japan,nonnative,nonnative,1,,,
239,Stepkowski et al,2011,Systematic and Applied Microbiology,Lupinus angustifolius,Poland,nonnative,nonnative,1,,,
239,Stepkowski et al,2011,Systematic and Applied Microbiology,Ornithopus compressus,Italy,native,nonnative,1,,,
239,Stepkowski et al,2011,Systematic and Applied Microbiology,Ornithopus sativus,Poland,nonnative,nonnative,1,,,
281,Xu et al,2011,Antonie van Leeuwenhoek,Sphaerophysa salsula,China,native,nonnative,1,,,
22,Andrus et al,2012,FEMS Microbiology Ecology,Mimosa diplotricha,Philippines,nonnative,nonnative,1,,,
22,Andrus et al,2012,FEMS Microbiology Ecology,Mimosa pudica,Philippines,nonnative,nonnative,1,,1,
26,Aserse et al,2012,Molecular Phylogenetics and Evolution,Crotalaria incana,Ethiopia,native,nonnative,1,,,
26,Aserse et al,2012,Molecular Phylogenetics and Evolution,Erythrina brucei,Ethiopia,native,native,1,,,
26,Aserse et al,2012,Molecular Phylogenetics and Evolution,Indigofera arrecta,Ethiopia,native,nonnative,1,,,
46,Boukhatem et al,2012,FEMS Microbiology Ecology,Acacia ehrenbergiana,Algeria,native,native,1,,,1
46,Boukhatem et al,2012,FEMS Microbiology Ecology,Acacia karroo,Algeria,nonnative,nonnative,1,,,1
46,Boukhatem et al,2012,FEMS Microbiology Ecology,Acacia saligna,Algeria,nonnative,nonnative,1,,1,1
46,Boukhatem et al,2012,FEMS Microbiology Ecology,Acacia seyal,Algeria,native,nonnative,1,,,1
72,da Silva et al,2012,Systematic and Applied Microbiology,Sesbania virgata,Brazil,native,nonnative,1,,,
74,Dai et al,2012,Genetics and Molecular Research,Caragana microphylla,China,native,nonnative,1,,,
80,De Meyer et al,2012,Systematic and Applied Microbiology,Robinia pseudoacacia,Belgium,nonnative,nonnative,1,,,
98,Fonseca et al,2012,PLoS ONE,Dimorphandra wilsonii,Brazil,native,native,1,,,
101,Fterich et al,2012,Canadian Journal of Microbiology,Acacia tortilis,Tunisia,native,nonnative,1,,,
105,Gerding et al,2012,Plant and Soil,Lessertia annularis,South_Africa,native,native,1,,,
105,Gerding et al,2012,Plant and Soil,Lessertia capitata,South_Africa,native,native,1,,,
105,Gerding et al,2012,Plant and Soil,Lessertia diffusa,South_Africa,native,native,1,,,
105,Gerding et al,2012,Plant and Soil,Lessertia excisa,South_Africa,native,native,1,,,
105,Gerding et al,2012,Plant and Soil,Lessertia frutescens,South_Africa,native,nonnative,1,,,
105,Gerding et al,2012,Plant and Soil,Lessertia herbacea,South_Africa,native,native,1,,,
105,Gerding et al,2012,Plant and Soil,Lessertia microphylla,South_Africa,native,native,1,,,
116,Hassen et al,2012,Biology and Fertility of Soils,Aspalathus linearis,South_Africa,native,native,1,,,
130,Kanu and Dakora,2012,Soil Biology and Biochemistry,Psoralea aphylla,South_Africa,native,nonnative,1,,,
130,Kanu and Dakora,2012,Soil Biology and Biochemistry,Psoralea monophylla,South_Africa,native,native,1,,,
130,Kanu and Dakora,2012,Soil Biology and Biochemistry,Psoralea pinnata,South_Africa,native,nonnative,1,,,
153,Li et al,2012,Systematic and Applied Microbiology,Caragana korshinskii,China,native,native,1,,,
162,Liu et al,2012,New Zealand Plant Protection,Galega officinalis,New_Zealand,nonnative,nonnative,1,,1,
162,Liu et al,2012,New Zealand Plant Protection,Hedysarum coronarium,New_Zealand,nonnative,nonnative,1,,,
165,Lorite et al,2012,Federation of European Microbiological Societies,Lotus pedunculatus,Portugal,native,nonnative,1,,,
179,Mishra et al,2012,FEMS Microbiology Ecology,Mimosa pudica,French_Guiana,native,nonnative,1,,1,
202,Qin et al,2012,Archives of Microbiology,Sphaerophysa salsula,China,native,nonnative,1,,,
208,Qin et al,2012,Archives of Microbiology,Sphaerophysa salsula,China,native,nonnative,1,,,
209,Rejili et al,2012,"Agriculture, ecosystems and environment",Hedysarum spinosissimum,Tunisia,native,nonnative,1,,,
209,Rejili et al,2012,"Agriculture, ecosystems and environment",Lotus creticus,Tunisia,native,nonnative,1,,,
209,Rejili et al,2012,"Agriculture, ecosystems and environment",Lotus halophilus,Tunisia,native,native,1,,,
209,Rejili et al,2012,"Agriculture, ecosystems and environment",Vicia sativa,Tunisia,native,nonnative,1,,,
233,Sheu et al,2012,International Journal of Systematic and Evolutionary Microbiology,Mimosa cordistipula,Brazil,native,native,1,,,
240,Stepkowski et al,2012,Molecular Phylogenetics and Evolution,Acacia acuminata,Australia,native,native,1,,,
240,Stepkowski et al,2012,Molecular Phylogenetics and Evolution,Bossiaea eriocarpa,Australia,native,native,1,,,
240,Stepkowski et al,2012,Molecular Phylogenetics and Evolution,Crotalaria medicaginea,Australia,native,native,1,,,
240,Stepkowski et al,2012,Molecular Phylogenetics and Evolution,Dunbaria debilis,Australia,native,native,1,,,
240,Stepkowski et al,2012,Molecular Phylogenetics and Evolution,Galactia tenuiflora,Australia,NA,NA,1,,,
240,Stepkowski et al,2012,Molecular Phylogenetics and Evolution,Gastrolobium capitatum,Australia,native,native,1,,,
240,Stepkowski et al,2012,Molecular Phylogenetics and Evolution,Gompholobium polymorphum,Australia,native,native,1,,,
240,Stepkowski et al,2012,Molecular Phylogenetics and Evolution,Jacksonia sericea,Australia,native,native,1,,,
240,Stepkowski et al,2012,Molecular Phylogenetics and Evolution,Kennedia coccinea,Australia,native,native,1,,,
240,Stepkowski et al,2012,Molecular Phylogenetics and Evolution,Swainsona formosa,Australia,native,nonnative,1,,,
250,Tan et al,2012,PLoS ONE,Carmichaelia australis,New_Zealand,native,native,1,,,
250,Tan et al,2012,PLoS ONE,Montigena novae-zelandiae,New_Zealand,native,native,1,,,
244,Taule et al,2012,Applied and Environmental Microbiology,Parapiptadenia rigida,Uruguay,native,native,1,,,
291,Xu et al,2012,Applied Soil Ecology,Ageratina adenophora,China,nonnative,nonnative,1,,,
285,Yao et al,2012,International Journal of Systematic and Evolutionary Microbiology,Kummerowia striata,China,native,nonnative,1,,1,
27,Arense et al,2013,Applied Microbiology and Biotechnology,Crotalaria incana,Ethiopia,native,nonnative,1,,,
27,Arense et al,2013,Applied Microbiology and Biotechnology,Crotalaria spinosa,Ethiopia,native,native,1,,,
27,Arense et al,2013,Applied Microbiology and Biotechnology,Erythrina brucei,Ethiopia,native,native,1,,,
27,Arense et al,2013,Applied Microbiology and Biotechnology,Indigofera arrecta,Ethiopia,native,nonnative,1,,,
25,Armas-Capote et al,2013,Systematic and Applied Microbiology,Cicer canariense,Canary_Islands,native,native,1,,,
37,Batista et al,2013,Applied Soil Ecology,Lotus pedunculatus,Uruguay,native,nonnative,1,,,
40,Beukes et al,2013,PLoS ONE,Cyclopia intermedia,South_Africa,native,native,1,,,
40,Beukes et al,2013,PLoS ONE,Hypocalyptus coluteoides,South_Africa,native,native,1,,,
40,Beukes et al,2013,PLoS ONE,Hypocalyptus oxalidifolius,South_Africa,native,native,1,,,
40,Beukes et al,2013,PLoS ONE,Hypocalyptus sophoroides,South_Africa,native,native,1,,,
40,Beukes et al,2013,PLoS ONE,Podalyria calyptrata,South_Africa,native,native,1,,,
40,Beukes et al,2013,PLoS ONE,Virgilia oroboides,South_Africa,native,nonnative,1,,,
42,Bianco et al,2013,Current Microbiology,Adesmia bicolor,Argentina,native,native,1,,,
47,Bournaud et al,2013,PLoS ONE,Anadenanthera colubrina,Brazil,native,native,1,,,
47,Bournaud et al,2013,PLoS ONE,Anadenanthera peregrina,Brazil,native,native,1,,,
47,Bournaud et al,2013,PLoS ONE,Microlobius foetidus,Brazil,native,native,1,,,
47,Bournaud et al,2013,PLoS ONE,Parapiptadenia pterosperma,Brazil,native,native,1,,,
47,Bournaud et al,2013,PLoS ONE,Parapiptadenia rigida,Brazil,native,native,1,,,
47,Bournaud et al,2013,PLoS ONE,Piptadenia adiantoides,Brazil,native,native,1,,,
47,Bournaud et al,2013,PLoS ONE,Piptadenia gonoacantha,Brazil,native,native,1,,,
47,Bournaud et al,2013,PLoS ONE,Piptadenia paniculata,Brazil,native,native,1,,,
47,Bournaud et al,2013,PLoS ONE,Piptadenia trisperma,Brazil,native,native,1,,,
47,Bournaud et al,2013,PLoS ONE,Piptadenia viridiflora,Brazil,native,native,1,,,
47,Bournaud et al,2013,PLoS ONE,Pseudopiptadenia contorta,Brazil,native,native,1,,,
67,Chen et al,2013,Journal of Basic Microbiology,Astragalus adsurgens,China,native,native,1,,,
67,Chen et al,2013,Journal of Basic Microbiology,Astragalus complanatus,China,native,native,1,,,
67,Chen et al,2013,Journal of Basic Microbiology,Astragalus discolor,China,native,native,1,,,
67,Chen et al,2013,Journal of Basic Microbiology,Astragalus efoliolatus,China,native,native,1,,,
67,Chen et al,2013,Journal of Basic Microbiology,Astragalus kifonsanicus,China,native,native,1,,,
67,Chen et al,2013,Journal of Basic Microbiology,Astragalus lepsensis,China,native,native,1,,,
67,Chen et al,2013,Journal of Basic Microbiology,Astragalus propinquus,China,native,native,1,,,
67,Chen et al,2013,Journal of Basic Microbiology,Astragalus scaberrimus,China,native,native,1,,,
67,Chen et al,2013,Journal of Basic Microbiology,Astragalus tibetanus,China,native,nonnative,1,,,
71,Cobo-Diaz et al,2013,Systematic and Applied Microbiology,Genista versicolor,Spain,native,native,1,,,
24,Crisostomo et al,2013,Applied Soil Ecology,Acacia longifolia,Australia,native,nonnative,1,,1,1
24,Crisostomo et al,2013,Applied Soil Ecology,Acacia saligna,Portugal,nonnative,nonnative,1,,1,
24,Crisostomo et al,2013,Applied Soil Ecology,Acacia saligna,Australia,nonnative,nonnative,1,,1,1
81,De Meyer et al,2013,International Journal of Systematic and Evolutionary Microbiology,Lebeckia ambigua,South_Africa,native,native,1,,,
82,De Meyer et al,2013,International Journal of Systematic and Evolutionary Microbiology,Rhynchosia ferulifolia,South_Africa,native,native,1,,,
92,Duran et al,2013,Systematic and Applied Microbiology,Lupinus mariae-josephae,Spain,native,native,1,,,
51,Gehlot et al,2013,Annals of Botany,Mimosa hamata,India,native,nonnative,1,,,
51,Gehlot et al,2013,Annals of Botany,Mimosa himalayana,India,native,native,1,,,
51,Gehlot et al,2013,Annals of Botany,Mimosa pudica,India,nonnative,nonnative,1,,1,
111,Guerrouj et al,2013,Canadian Journal of Microbiology,Medicago arborea,Morocco,nonnative,nonnative,1,,,
120,Howieson et al,2013,Soil Biology and Biochemistry,Lebeckia ambigua,South_Africa,native,native,1,,,
131,Kaplan et al,2013,American Journal of Botany,Zygophyllum dumosum,Israel,NA,NA,1,,,
147,Latif et al,2013,Archives of Microbiology,Trifolium pratense,Pakistan,native,nonnative,1,,,
147,Latif et al,2013,Archives of Microbiology,Trifolium repens,Pakistan,native,nonnative,1,,,
177,Melkonian et al,2013,Environmental Microbiology,Mimosa pudica,Guinea,nonnative,nonnative,1,,1,
177,Melkonian et al,2013,Environmental Microbiology,Mimosa pudica,Australia,nonnative,nonnative,1,,1,
184,Moukoumi et al,2013,Canadian Journal of Microbiology,Caragana arborescens,Canada,nonnative,nonnative,1,,1,
186,Ndlovu et al,2013,Journal of Biogeography,Acacia pycnantha,South_Africa,nonnative,nonnative,,1,,
186,Ndlovu et al,2013,Journal of Biogeography,Acacia pycnantha,Australia,native,nonnative,,1,,
206,Ramirez-Bahena et al,2013,Systematic and Applied Microbiology,Centrosema macrocarpum,Venezuela,native,native,1,,,
214,Ricon-Rosales et al,2013,International Journal of Systematic and Evolutionary Microbiology,Calliandra houstoniana,Mexico,native,nonnative,1,,,
284,Yang et al,2013,Systematic and Applied Microbiology,Securigera varia,China,nonnative,nonnative,1,,,
7,Ahnia et al,2014,Antonie van Leeuwenhoek,Cytisus villosus,Algeria,native,nonnative,1,,,
32,Bakhoum et al,2014,Open Journal of Forestry,Acacia senegal,Senegal,native,nonnative,1,,,
34,Barauna et al,2014,Brasilia,Centrolobium paraense,Brazil,native,nonnative,1,,,
45,Boudiaf et al,2014,Soil Biology and Biochemistry,Acacia mearnsii,Algeria,nonnative,nonnative,1,,,
69,Chen et al,2014,Systematic and Applied Microbiology,Arachis duranensis,China,nonnative,nonnative,1,,,
73,da Silva et al,2014,International Journal of Systematic and Evolutionary Microbiology,Inga laurina,Brazil,native,nonnative,1,,,
75,de Freitas et al,2014,African Journal of Microbiology Research,Mimosa paraibana,Brazil,NA,NA,1,,,
75,de Freitas et al,2014,African Journal of Microbiology Research,Mimosa tenuiflora,Brazil,NA,NA,1,,,
106,Gnat at al,2014,Antonie van Leeuwenhoek,Astragalus glycyphyllos,Poland,native,nonnative,1,,,
52,Hassen et al,2014,World Journal of Agricultural Research,Indigofera hirsuta,South_Africa,native,nonnative,1,,,
149,Le Roux et al,2014,Microbial Ecology,Pterocarpus officinalis,Dominica,native,native,1,,,
149,Le Roux et al,2014,Microbial Ecology,Pterocarpus officinalis,French_Guiana,native,native,1,,,
149,Le Roux et al,2014,Microbial Ecology,Pterocarpus officinalis,Guadeloupe,native,native,1,,,
149,Le Roux et al,2014,Microbial Ecology,Pterocarpus officinalis,Martinique,native,native,1,,,
149,Le Roux et al,2014,Microbial Ecology,Pterocarpus officinalis,Puerto_Rico,native,native,1,,,
305,Liu et al,2014,Microbial Ecology ,Dipogon lignosus,New_Zealand,nonnative,nonnative,1,,,
220,Rodriguez-Echeverria et al,2014,Systematic and Applied Microbiology,Retama sphaerocarpa,Spain,native,native,1,,,
327,Li et al,2016,Systematic and Applied Microbiology,Sesbania cannabina,China,native,nonnative,1,,,
323,Harrison et al,2017,Evolution,Medicago lupulina,Canada,nonnative,nonnative,1,,,
325,Huang,2018,Systematic and Applied Microbiology,Crotalaria trichotoma,Taiwan,nonnative,nonnative,1,,,
328,Liu et al,2019,Genome Biology and Evolution,Robinia pseudoacacia,China,nonnative,nonnative,,1,,
328,Liu et al,2019,Genome Biology and Evolution,Robinia pseudoacacia,Germany,nonnative,nonnative,,1,,
328,Liu et al,2019,Genome Biology and Evolution,Robinia pseudoacacia,United_States,native,nonnative,,1,,
329,Lui et al,2020,Frontiers in Microbiology,Mimosa diplotricha,China,nonnative,nonnative,1,,,
329,Lui et al,2020,Frontiers in Microbiology,Mimosa pudica,China,nonnative,nonnative,1,,,
330,Wendlandt et al,2021,Evolution,Medicago polymorpha,North_America,nonnative,nonnative,,1,,
330,Wendlandt et al,2021,Evolution,Medicago polymorpha,Europe,native,nonnative,,1,,
322,Chouhan et al,2022,FEMS Microbial Ecology,Leucaena leucocephala,India,nonnative,nonnative,1,,,
324,Hsouna et al,2022,Systematic and Applied Microbiology,Acacia saligna,Tunisia,nonnative,nonnative,1,,,